_id,latitude,longitude
6907d61c6b190e0ccf67b769,-2.4135692,115.2111472
6907d61c6b190e0ccf67b76a,40.9271303,22.0160467
6907d61c6b190e0ccf67b76b,31.319438,-92.4672927
6907d61c6b190e0ccf67b76c,9.128588,124.672209
6907d61c6b190e0ccf67b76d,48.5129473,2.6780176
6907d61c6b190e0ccf67b76e,28.970079,118.859457
6907d61c6b190e0ccf67b76f,23.2462521,113.0030017
6907d61c6b190e0ccf67b770,-2.9252,119.9413
6907d61c6b190e0ccf67b771,40.2487413,72.1297653
6907d61c6b190e0ccf67b772,53.0637214,26.6392615
6907d61c6b190e0ccf67b773,-2.8850378,32.2313539
6907d61c6b190e0ccf67b774,38.4832851,-9.1025502
6907d61c6b190e0ccf67b775,-8.4929791,119.0110762
6907d61c6b190e0ccf67b776,29.375859,47.9774052
6907d61c6b190e0ccf67b777,30.378326,111.450006
6907d61c6b190e0ccf67b778,50.6514963,21.2602765
6907d61c6b190e0ccf67b779,-6.719137,108.4703138
6907d61c6b190e0ccf67b77a,-7.3511436,112.7688416
6907d61c6b190e0ccf67b77b,22.354385,110.947043
6907d61c6b190e0ccf67b77c,54.3171885,10.0477345
6907d61c6b190e0ccf67b77d,38.4361809,57.4287899
6907d61c6b190e0ccf67b77e,59.2954052,17.967939
6907d61c6b190e0ccf67b77f,-7.5740867,112.28609
6907d61c6b190e0ccf67b780,30.779444,120.00922
6907d61c6b190e0ccf67b781,19.379122,-99.1097687
6907d61c6b190e0ccf67b782,-29.6880479,-51.1333376
6907d61c6b190e0ccf67b783,54.589538,85.9917785
6907d61c6b190e0ccf67b784,51.8113447,-8.3929404
6907d61c6b190e0ccf67b785,5.9368109,80.5148127
6907d61c6b190e0ccf67b786,-6.416667,-77.8833329
6907d61c6b190e0ccf67b787,15.9655291,120.4032998
6907d61c6b190e0ccf67b788,41.3627611,-8.456321
6907d61c6b190e0ccf67b789,32.23483,119.797634
6907d61c6b190e0ccf67b78a,47.6126,107.0219496
6907d61c6b190e0ccf67b78b,51.667293,19.93565
6907d61c6b190e0ccf67b78c,24.9104797,69.3504869
6907d61c6b190e0ccf67b78d,14.6333602,104.373372
6907d61c6b190e0ccf67b78e,60.5734263,15.6105128
6907d61c6b190e0ccf67b78f,32.224808,110.228747
6907d61c6b190e0ccf67b790,47.6,39.7
6907d61c6b190e0ccf67b791,34.0237477,131.9348946
6907d61c6b190e0ccf67b792,30.411429,118.390218
6907d61c6b190e0ccf67b793,13.7610951,101.1926507
6907d61c6b190e0ccf67b794,18.6367692,-69.2696692
6907d61c6b190e0ccf67b795,61.722009,23.3256027
6907d61c6b190e0ccf67b796,30.0413257,31.2046714
6907d61c6b190e0ccf67b797,3.61023,115.69993
6907d61c6b190e0ccf67b798,27.58237,110.897275
6907d61c6b190e0ccf67b799,50.1143147,20.2689645
6907d61c6b190e0ccf67b79a,-9.771006,-76.6613239
6907d61c6b190e0ccf67b79b,12.9881784,108.8848569
6907d61c6b190e0ccf67b79c,-10.02569,123.729698
6907d61c6b190e0ccf67b79d,35.23251,69.37719
6907d61c6b190e0ccf67b79e,14.6092588,120.9924256
6907d61c6b190e0ccf67b79f,51.249084,21.0819865
6907d61c6b190e0ccf67b7a0,41.0057729,71.6436028
6907d61c6b190e0ccf67b7a1,-7.5471852,112.7137227
6907d61c6b190e0ccf67b7a2,31.364902,108.249509
6907d61c6b190e0ccf67b7a3,36.3193563,-115.0228736
6907d61c6b190e0ccf67b7a4,52.2542902,19.034146
6907d61c6b190e0ccf67b7a5,44.6773413,20.4439853
6907d61c6b190e0ccf67b7a6,16.6900154,121.5455394
6907d61c6b190e0ccf67b7a7,55.6842625,37.8548295
6907d61c6b190e0ccf67b7a8,-15.8003597,-70.3435088
6907d61c6b190e0ccf67b7a9,35.2019368,24.996407
6907d61c6b190e0ccf67b7aa,39.3616253,-9.1576429
6907d61c6b190e0ccf67b7ab,29.322952,109.998621
6907d61c6b190e0ccf67b7ac,15.6497514,-87.997164
6907d61c6b190e0ccf67b7ad,26.86889,109.09528
6907d61c6b190e0ccf67b7ae,33.339839,106.08092
6907d61c6b190e0ccf67b7af,8.955271,126.009711
6907d61c6b190e0ccf67b7b0,31.848137,117.284858
6907d61c6b190e0ccf67b7b1,-7.3106,106.5946
6907d61c6b190e0ccf67b7b2,-6.8324793,-79.929616
6907d61c6b190e0ccf67b7b3,13.4935504,39.465738
6907d61c6b190e0ccf67b7b4,33.5810958,71.4303404
6907d61c6b190e0ccf67b7b5,40.0977466,-7.4631571
6907d61c6b190e0ccf67b7b6,-26.183307,27.6830843
6907d61c6b190e0ccf67b7b7,45.0247038,14.6312922
6907d61c6b190e0ccf67b7b8,47.535711,29.4562298
6907d61c6b190e0ccf67b7b9,40.117938,116.424619
6907d61c6b190e0ccf67b7ba,52.0122717,22.5207958
6907d61c6b190e0ccf67b7bb,51.2906483,25.5612826
6907d61c6b190e0ccf67b7bc,38.7649768,-8.1235465
6907d61c6b190e0ccf67b7bd,35.709077,107.643631
6907d61c6b190e0ccf67b7be,-8.8058,120.2258
6907d61c6b190e0ccf67b7bf,31.09656,121.507445
6907d61c6b190e0ccf67b7c0,-6.9508,114.0064
6907d61c6b190e0ccf67b7c1,-13.87016,-73.667793
6907d61c6b190e0ccf67b7c2,49.7881321,6.0767949
6907d61c6b190e0ccf67b7c3,29.8637597,121.5936562
6907d61c6b190e0ccf67b7c4,32.890479,115.814504
6907d61c6b190e0ccf67b7c5,41.0672146,-7.2170293
6907d61c6b190e0ccf67b7c6,-6.9140488,107.6050316
6907d61c6b190e0ccf67b7c7,-8.1067604,111.8240676
6907d61c6b190e0ccf67b7c8,55.5939065,61.6171856
6907d61c6b190e0ccf67b7c9,49.0096906,2.5479245
6907d61c6b190e0ccf67b7ca,39.3433574,117.3616476
6907d61c6b190e0ccf67b7cb,-8.3870308,122.8295192
6907d61c6b190e0ccf67b7cc,38.694365,-27.066757
6907d61c6b190e0ccf67b7cd,-6.939153,112.3188749
6907d61c6b190e0ccf67b7ce,-22.9531705,-46.5423239
6907d61c6b190e0ccf67b7cf,-8.5135139,-35.3747515
6907d61c6b190e0ccf67b7d0,49.4424226,34.6731345
6907d61c6b190e0ccf67b7d1,-6.3323202,106.0316898
6907d61c6b190e0ccf67b7d2,-30.1090924,-51.3238273
6907d61c6b190e0ccf67b7d3,30.411429,118.390218
6907d61c6b190e0ccf67b7d4,48.170403,126.2118229
6907d61c6b190e0ccf67b7d5,7.3410628,134.4771596
6907d61c6b190e0ccf67b7d6,19.6594511,-71.5065631
6907d61c6b190e0ccf67b7d7,55.4330626,74.9385554
6907d61c6b190e0ccf67b7d8,9.2901323,123.247589
6907d61c6b190e0ccf67b7d9,-8.403309,112.673499
6907d61c6b190e0ccf67b7da,-7.8529367,110.3606701
6907d61c6b190e0ccf67b7db,14.6458474,121.0543553
6907d61c6b190e0ccf67b7dc,18.8826771,-96.935003
6907d61c6b190e0ccf67b7dd,29.291779,112.666947
6907d61c6b190e0ccf67b7de,-6.9641448,108.0124469
6907d61c6b190e0ccf67b7df,34.1680953,132.1831963
6907d61c6b190e0ccf67b7e0,43.834689,90.286028
6907d61c6b190e0ccf67b7e1,28.018107,111.945153
6907d61c6b190e0ccf67b7e2,25.8812265,-97.5199862
6907d61c6b190e0ccf67b7e3,55.7213148,37.6243984
6907d61c6b190e0ccf67b7e4,55.9870823,86.1430172
6907d61c6b190e0ccf67b7e5,38.5774849,23.6417373
6907d61c6b190e0ccf67b7e6,-8.2104974,114.9671388
6907d61c6b190e0ccf67b7e7,38.0515795,-87.6876112
6907d61c6b190e0ccf67b7e8,-7.6155876,110.7167165
6907d61c6b190e0ccf67b7e9,41.603085,46.638308
6907d61c6b190e0ccf67b7ea,14.6099284,121.0348405
6907d61c6b190e0ccf67b7eb,56.227929,35.6372213
6907d61c6b190e0ccf67b7ec,54.7278753,31.9292855
6907d61c6b190e0ccf67b7ed,-7.2560353,106.5620398
6907d61c6b190e0ccf67b7ee,54.6711201,18.3894523
6907d61c6b190e0ccf67b7ef,52.644,25.2027
6907d61c6b190e0ccf67b7f0,5.963336,-75.963942
6907d61c6b190e0ccf67b7f1,-2.7158764,30.6286186
6907d61c6b190e0ccf67b7f2,-1.3247967,-78.5376906
6907d61c6b190e0ccf67b7f3,37.9337124,139.3844092
6907d61c6b190e0ccf67b7f4,-7.3518129,108.1110423
6907d61c6b190e0ccf67b7f5,32.53,-93.75
6907d61c6b190e0ccf67b7f6,39.9729825,67.199876
6907d61c6b190e0ccf67b7f7,-28.3307679,31.4256183
6907d61c6b190e0ccf67b7f8,-0.4660955,100.3984148
6907d61c6b190e0ccf67b7f9,-31.4753699,-64.2123183
6907d61c6b190e0ccf67b7fa,27.69965,108.839557
6907d61c6b190e0ccf67b7fb,53.7369009,-6.4241156
6907d61c6b190e0ccf67b7fc,39.5013158,-0.3889622
6907d61c6b190e0ccf67b7fd,-13.5321991,-73.6760258
6907d61c6b190e0ccf67b7fe,-8.2429651,112.1340793
6907d61c6b190e0ccf67b7ff,-7.266667,111.866667
6907d61c6b190e0ccf67b800,4.974252,-74.291386
6907d61c6b190e0ccf67b801,8.544642,124.961672
6907d61c6b190e0ccf67b802,33.9014372,-4.0271731
6907d61c6b190e0ccf67b803,-4.1731846,-38.460945
6907d61c6b190e0ccf67b804,-3.4142906,-39.0303806
6907d61c6b190e0ccf67b805,-7.783297,110.363649
6907d61c6b190e0ccf67b806,29.6211025,-95.2632201
6907d61c6b190e0ccf67b807,36.599744,101.803717
6907d61c6b190e0ccf67b808,32.0302286,-6.7969224
6907d61c6b190e0ccf67b809,35.7594651,-5.8339543
6907d61c6b190e0ccf67b80a,49.9469881,18.1870189
6907d61c6b190e0ccf67b80b,49.6498731,17.3224082
6907d61c6b190e0ccf67b80c,31.352859,118.432941
6907d61c6b190e0ccf67b80d,27.086662,114.36721
6907d61c6b190e0ccf67b80e,-7.6155876,110.7167165
6907d61c6b190e0ccf67b80f,49.46634,128.785946
6907d61c6b190e0ccf67b810,49.5792067,21.9487589
6907d61c6b190e0ccf67b811,3.809294,43.2461055
6907d61c6b190e0ccf67b812,43.126984,131.900455
6907d61c6b190e0ccf67b813,41.245445,119.4015739
6907d61c6b190e0ccf67b814,34.5414989,133.5894821
6907d61c6b190e0ccf67b815,51.88333,116.25
6907d61c6b190e0ccf67b816,27.135999,111.106104
6907d61c6b190e0ccf67b817,29.534969,112.551851
6907d61c6b190e0ccf67b818,33.026386,106.002647
6907d61c6b190e0ccf67b819,10.5922194,123.4845632
6907d61c6b190e0ccf67b81a,18.4355719,-69.9506496
6907d61c6b190e0ccf67b81b,-7.2784402,106.6094916
6907d61c6b190e0ccf67b81c,14.2508238,121.1075051
6907d61c6b190e0ccf67b81d,7.1796355,-2.1008486
6907d61c6b190e0ccf67b81e,-6.4306844,106.7175669
6907d61c6b190e0ccf67b81f,-29.1051592,-54.8731219
6907d61c6b190e0ccf67b820,-23.351784,-47.6931718
6907d61c6b190e0ccf67b821,16.7587537,96.2482149
6907d61c6b190e0ccf67b822,-6.9286248,107.7340132
6907d61c6b190e0ccf67b823,-21.2352558,-46.7865516
6907d61c6b190e0ccf67b824,18.1096868,-95.8803869
6907d61c6b190e0ccf67b825,39.5530795,-8.339861
6907d61c6b190e0ccf67b826,-29.4130611,-53.024918
6907d61c6b190e0ccf67b827,-20.3720648,14.959329
6907d61c6b190e0ccf67b828,37.429832,110.88907
6907d61c6b190e0ccf67b829,50.52546,42.6645851
6907d61c6b190e0ccf67b82a,5.7577596,103.0010752
6907d61c6b190e0ccf67b82b,45.41675,-71.6324
6907d61c6b190e0ccf67b82c,-37.1534439,-56.8913573
6907d61c6b190e0ccf67b82d,50.43302,21.28065
6907d61c6b190e0ccf67b82e,3.856457,-68.2385339
6907d61c6b190e0ccf67b82f,59.9739683,10.9282159
6907d61c6b190e0ccf67b830,47.284461,39.4991783
6907d61c6b190e0ccf67b831,40.1686749,-7.1721914
6907d61c6b190e0ccf67b832,46.3194856,-0.4546217
6907d61c6b190e0ccf67b833,60.9182792,24.6382505
6907d61c6b190e0ccf67b834,39.109563,117.223371
6907d61c6b190e0ccf67b835,58.703557,14.1362521
6907d61c6b190e0ccf67b836,27.4669558,-99.5145127
6907d61c6b190e0ccf67b837,-10.7964,122.9437
6907d61c6b190e0ccf67b838,59.9047305,10.7670564
6907d61c6b190e0ccf67b839,-9.7464338,124.4309165
6907d61c6b190e0ccf67b83a,-8.6020564,116.435616
6907d61c6b190e0ccf67b83b,14.5473421,120.997522
6907d61c6b190e0ccf67b83c,33.4955028,49.0631743
6907d61c6b190e0ccf67b83d,-9.591725,124.4530968
6907d61c6b190e0ccf67b83e,10.5333328,122.8333359
6907d61c6b190e0ccf67b83f,32.9924242,-7.6222665
6907d61c6b190e0ccf67b840,-6.8316639,39.2827032
6907d61c6b190e0ccf67b841,32.53292,110.983684
6907d61c6b190e0ccf67b842,-14.0699124,-39.5278264
6907d61c6b190e0ccf67b843,59.9050895,10.7673005
6907d61c6b190e0ccf67b844,43.9307146,4.8743415
6907d61c6b190e0ccf67b845,25.0522614,-78.0430817
6907d61c6b190e0ccf67b846,9.5920992,123.4719247
6907d61c6b190e0ccf67b847,14.434698,120.878011
6907d61c6b190e0ccf67b848,34.5259004,-117.0625875
6907d61c6b190e0ccf67b849,46.305746,16.3366066
6907d61c6b190e0ccf67b84a,-4.0180556,133.4608333
6907d61c6b190e0ccf67b84b,-8.3960371,115.5325797
6907d61c6b190e0ccf67b84c,11.2561208,-73.6344979
6907d61c6b190e0ccf67b84d,-17.5495741,-149.7905619
6907d61c6b190e0ccf67b84e,-10.5182,121.7895
6907d61c6b190e0ccf67b84f,52.6225919,90.0794098
6907d61c6b190e0ccf67b850,30.9422647,30.8157423
6907d61c6b190e0ccf67b851,14.5444432,-91.0891378
6907d61c6b190e0ccf67b852,6.6833334,124.1500015
6907d61c6b190e0ccf67b853,-24.6399084,-53.1426814
6907d61c6b190e0ccf67b854,58.3244259,12.278769
6907d61c6b190e0ccf67b855,62.2600127,17.3781406
6907d61c6b190e0ccf67b856,-0.4960508,101.866362
6907d61c6b190e0ccf67b857,5.8294025,-75.9928971
6907d61c6b190e0ccf67b858,-7.3306931,108.6799144
6907d61c6b190e0ccf67b859,-7.459928,110.2727569
6907d61c6b190e0ccf67b85a,-15.24381,-70.265129
6907d61c6b190e0ccf67b85b,5.4550167,153.4581838
6907d61c6b190e0ccf67b85c,26.7255231,128.1765722
6907d61c6b190e0ccf67b85d,43.6410973,51.1985113
6907d61c6b190e0ccf67b85e,38.5484731,-122.8049523
6907d61c6b190e0ccf67b85f,49.9527773,28.8578584
6907d61c6b190e0ccf67b860,22.2016816,-97.8367954
6907d61c6b190e0ccf67b861,66.0733463,33.0544476
6907d61c6b190e0ccf67b862,45.9018536,6.121072
6907d61c6b190e0ccf67b863,23.369136,102.214609
6907d61c6b190e0ccf67b864,38.4361809,57.4287899
6907d61c6b190e0ccf67b865,-8.0650276,113.8011498
6907d61c6b190e0ccf67b866,-7.4212735,107.172085
6907d61c6b190e0ccf67b867,39.2303755,26.2174959
6907d61c6b190e0ccf67b868,26.665699,113.75726
6907d61c6b190e0ccf67b869,48.3694747,34.4573326
6907d61c6b190e0ccf67b86a,44.2006496,43.4273768
6907d61c6b190e0ccf67b86b,48.892701,2.233089
6907d61c6b190e0ccf67b86c,45.4401623,39.5186898
6907d61c6b190e0ccf67b86d,38.7988434,-9.4143322
6907d61c6b190e0ccf67b86e,41.273153,125.361759
6907d61c6b190e0ccf67b86f,43.0429124,1.9038837
6907d61c6b190e0ccf67b870,62.3565057,50.0762432
6907d61c6b190e0ccf67b871,-16.9163431,-56.0249982
6907d61c6b190e0ccf67b872,31.219568,118.268101
6907d61c6b190e0ccf67b873,58.935714,69.1475573
6907d61c6b190e0ccf67b874,9.8996343,124.2844697
6907d61c6b190e0ccf67b875,36.6669437,136.73393
6907d61c6b190e0ccf67b876,29.411309,112.171131
6907d61c6b190e0ccf67b877,19.1780491,-96.1288426
6907d61c6b190e0ccf67b878,32.0409755,120.78464
6907d61c6b190e0ccf67b879,58.6144923,16.1378776
6907d61c6b190e0ccf67b87a,40.4210295,20.2616268
6907d61c6b190e0ccf67b87b,21.3039859,-157.8625674
6907d61c6b190e0ccf67b87c,9.9576111,-84.0284827
6907d61c6b190e0ccf67b87d,-8.4788,117.4132
6907d61c6b190e0ccf67b87e,14.11684,-86.355797
6907d61c6b190e0ccf67b87f,50.9040233,17.8430924
6907d61c6b190e0ccf67b880,10.267698,123.942247
6907d61c6b190e0ccf67b881,40.4742778,49.8255553
6907d61c6b190e0ccf67b882,50.1801755,28.7362455
6907d61c6b190e0ccf67b883,41.0004802,19.6847625
6907d61c6b190e0ccf67b884,8.490877,124.345771
6907d61c6b190e0ccf67b885,36.8771299,27.2053498
6907d61c6b190e0ccf67b886,14.4409724,120.9950071
6907d61c6b190e0ccf67b887,56.3089225,22.2987465
6907d61c6b190e0ccf67b888,24.076563,89.61457
6907d61c6b190e0ccf67b889,-11.3442564,-75.5655147
6907d61c6b190e0ccf67b88a,33.0602736,131.6336105
6907d61c6b190e0ccf67b88b,51.30787,17.72016
6907d61c6b190e0ccf67b88c,42.223828,123.726035
6907d61c6b190e0ccf67b88d,49.1055022,28.1576316
6907d61c6b190e0ccf67b88e,28.003553,96.657898
6907d61c6b190e0ccf67b88f,48.9154732,16.8550346
6907d61c6b190e0ccf67b890,11.7907511,102.8773712
6907d61c6b190e0ccf67b891,40.0397682,-75.145782
6907d61c6b190e0ccf67b892,28.679282,121.435569
6907d61c6b190e0ccf67b893,40.7174599,23.044765
6907d61c6b190e0ccf67b894,27.456658,112.175245
6907d61c6b190e0ccf67b895,-24.314422,-46.9936142
6907d61c6b190e0ccf67b896,-7.4133512,108.0687579
6907d61c6b190e0ccf67b897,43.6410973,51.1985113
6907d61c6b190e0ccf67b898,-0.421633,116.980756
6907d61c6b190e0ccf67b899,31.238854,121.331694
6907d61c6b190e0ccf67b89a,29.709214,107.606105
6907d61c6b190e0ccf67b89b,-9.6993439,119.9740534
6907d61c6b190e0ccf67b89c,11.5218308,13.6883765
6907d61c6b190e0ccf67b89d,43.1555152,19.1226018
6907d61c6b190e0ccf67b89e,30.921373,118.784812
6907d61c6b190e0ccf67b89f,48.7057309,2.2186743
6907d61c6b190e0ccf67b8a0,32.099905,118.031463
6907d61c6b190e0ccf67b8a1,31.3211873,121.2478052
6907d61c6b190e0ccf67b8a2,31.697512,121.424811
6907d61c6b190e0ccf67b8a3,14.2811192,-88.2424674
6907d61c6b190e0ccf67b8a4,15.8278,120.4946766
6907d61c6b190e0ccf67b8a5,2.5282234,34.6579985
6907d61c6b190e0ccf67b8a6,47.6938287,33.3173912
6907d61c6b190e0ccf67b8a7,14.4240257,120.9428802
6907d61c6b190e0ccf67b8a8,67.286069,14.418571
6907d61c6b190e0ccf67b8a9,46.48684,32.97498
6907d61c6b190e0ccf67b8aa,-17.4013758,-63.8817832
6907d61c6b190e0ccf67b8ab,31.685311,119.787645
6907d61c6b190e0ccf67b8ac,16.7260699,95.6484241
6907d61c6b190e0ccf67b8ad,32.99941,35.81084
6907d61c6b190e0ccf67b8ae,29.208918,119.460526
6907d61c6b190e0ccf67b8af,-8.7261,116.4644
6907d61c6b190e0ccf67b8b0,-34.7796334,-58.6040349
6907d61c6b190e0ccf67b8b1,17.0349138,-61.7853499
6907d61c6b190e0ccf67b8b2,5.7650768,73.4106543
6907d61c6b190e0ccf67b8b3,41.4581245,-8.6099118
6907d61c6b190e0ccf67b8b4,33.425934,66.5344159
6907d61c6b190e0ccf67b8b5,31.282641,120.392977
6907d61c6b190e0ccf67b8b6,36.0458806,-95.8562271
6907d61c6b190e0ccf67b8b7,31.57112,35.23227
6907d61c6b190e0ccf67b8b8,-33.0061376,-60.6722815
6907d61c6b190e0ccf67b8b9,35.383289,112.662069
6907d61c6b190e0ccf67b8ba,14.4103464,-88.9521595
6907d61c6b190e0ccf67b8bb,-3.7415256,-43.360096
6907d61c6b190e0ccf67b8bc,-34.6937187,-58.4432039
6907d61c6b190e0ccf67b8bd,-7.0379245,108.4187029
6907d61c6b190e0ccf67b8be,38.1164434,140.8492779
6907d61c6b190e0ccf67b8bf,-11.3535985,40.3522402
6907d61c6b190e0ccf67b8c0,51.569012,21.376182
6907d61c6b190e0ccf67b8c1,-7.9553448,112.649662
6907d61c6b190e0ccf67b8c2,54.659677,51.5020158
6907d61c6b190e0ccf67b8c3,19.3387759,-99.1497466
6907d61c6b190e0ccf67b8c4,34.058401,107.319116
6907d61c6b190e0ccf67b8c5,-7.3639966,108.3207992
6907d61c6b190e0ccf67b8c6,41.5289432,-8.264878
6907d61c6b190e0ccf67b8c7,53.3004898,-6.2634596
6907d61c6b190e0ccf67b8c8,32.223303,118.761836
6907d61c6b190e0ccf67b8c9,49.6629527,18.2269255
6907d61c6b190e0ccf67b8ca,-8.3081,113.4586
6907d61c6b190e0ccf67b8cb,50.8304668,15.4781267
6907d61c6b190e0ccf67b8cc,12.5797,123.6688
6907d61c6b190e0ccf67b8cd,-24.7023134,-48.0076188
6907d61c6b190e0ccf67b8ce,2.5045603,73.3082308
6907d61c6b190e0ccf67b8cf,-15.2475119,-40.2509918
6907d61c6b190e0ccf67b8d0,37.540621,120.506155
6907d61c6b190e0ccf67b8d1,40.1929685,-74.6502902
6907d61c6b190e0ccf67b8d2,23.2410273,-106.3949498
6907d61c6b190e0ccf67b8d3,23.2462521,113.0030017
6907d61c6b190e0ccf67b8d4,32.7493573,129.8585548
6907d61c6b190e0ccf67b8d5,55.9905778,92.7620647
6907d61c6b190e0ccf67b8d6,11.6578757,122.3054783
6907d61c6b190e0ccf67b8d7,13.4522814,101.1815568
6907d61c6b190e0ccf67b8d8,7.7151954,123.2089252
6907d61c6b190e0ccf67b8d9,45.79817,109.31826
6907d61c6b190e0ccf67b8da,48.1440135,11.6074275
6907d61c6b190e0ccf67b8db,34.6816856,126.9069278
6907d61c6b190e0ccf67b8dc,32.165,108.8822222
6907d61c6b190e0ccf67b8dd,14.5590365,121.0409808
6907d61c6b190e0ccf67b8de,34.728584,112.132488
6907d61c6b190e0ccf67b8df,44.55015,-64.24874
6907d61c6b190e0ccf67b8e0,14.7596318,121.0589081
6907d61c6b190e0ccf67b8e1,-11.2957096,-75.7727595
6907d61c6b190e0ccf67b8e2,47.620391,7.243036
6907d61c6b190e0ccf67b8e3,-8.89429,-77.7083
6907d61c6b190e0ccf67b8e4,61.3611476,15.9055746
6907d61c6b190e0ccf67b8e5,24.776827,106.556519
6907d61c6b190e0ccf67b8e6,-6.3079232,107.172085
6907d61c6b190e0ccf67b8e7,-34.7796334,-58.6040349
6907d61c6b190e0ccf67b8e8,14.5719534,121.0344899
6907d61c6b190e0ccf67b8e9,57.2588115,40.8141102
6907d61c6b190e0ccf67b8ea,29.584292,111.380014
6907d61c6b190e0ccf67b8eb,49.970045,19.944654
6907d61c6b190e0ccf67b8ec,44.8445542,-0.5494198
6907d61c6b190e0ccf67b8ed,54.20801,19.11753
6907d61c6b190e0ccf67b8ee,30.72265,109.787541
6907d61c6b190e0ccf67b8ef,-8.7433,121.7445
6907d61c6b190e0ccf67b8f0,45.3044566,-73.8746233
6907d61c6b190e0ccf67b8f1,28.615201,89.493117
6907d61c6b190e0ccf67b8f2,47.2981504,6.1605131
6907d61c6b190e0ccf67b8f3,55.9128355,13.0879461
6907d61c6b190e0ccf67b8f4,-0.9676533,-80.7089101
6907d61c6b190e0ccf67b8f5,42.1450502,24.7558475
6907d61c6b190e0ccf67b8f6,45.2977605,2.5135985
6907d61c6b190e0ccf67b8f7,14.5668553,120.9987005
6907d61c6b190e0ccf67b8f8,15.3098074,120.8551691
6907d61c6b190e0ccf67b8f9,37.6533531,138.9099913
6907d61c6b190e0ccf67b8fa,41.2860336,19.8905149
6907d61c6b190e0ccf67b8fb,28.922003,110.898783
6907d61c6b190e0ccf67b8fc,43.4945737,5.8978018
6907d61c6b190e0ccf67b8fd,11.0606917,-69.7137997
6907d61c6b190e0ccf67b8fe,-34.905408,-54.9501708
6907d61c6b190e0ccf67b8ff,31.790235,34.759291
6907d61c6b190e0ccf67b900,34.1009765,114.2138957
6907d61c6b190e0ccf67b901,-7.6077557,112.243026
6907d61c6b190e0ccf67b902,2.7239834,101.9476452
6907d61c6b190e0ccf67b903,49.6428895,100.1771896
6907d61c6b190e0ccf67b904,54.7083095,76.5513541
6907d61c6b190e0ccf67b905,23.144757,113.253429
6907d61c6b190e0ccf67b906,5.5543995,5.7932008
6907d61c6b190e0ccf67b907,55.7754263,40.4248943
6907d61c6b190e0ccf67b908,37.7688197,140.7154397
6907d61c6b190e0ccf67b909,19.5889431,96.2595008
6907d61c6b190e0ccf67b90a,40.1315199,68.4829804
6907d61c6b190e0ccf67b90b,31.7751564,117.2102637
6907d61c6b190e0ccf67b90c,13.5616918,-15.8304975
6907d61c6b190e0ccf67b90d,-5.5018917,-45.2464996
6907d61c6b190e0ccf67b90e,43.704612,7.261933
6907d61c6b190e0ccf67b90f,59.186002,17.4530287
6907d61c6b190e0ccf67b910,32.0378049,118.7870855
6907d61c6b190e0ccf67b911,37.515114,103.575676
6907d61c6b190e0ccf67b912,59.4304876,18.0591041
6907d61c6b190e0ccf67b913,-32.8842032,-68.7998021
6907d61c6b190e0ccf67b914,-41.172184,-71.437354
6907d61c6b190e0ccf67b915,12.5854531,107.8880075
6907d61c6b190e0ccf67b916,61.5792581,26.0188652
6907d61c6b190e0ccf67b917,22.2795961,-80.5716199
6907d61c6b190e0ccf67b918,31.422941,116.892944
6907d61c6b190e0ccf67b919,31.236833,121.532286
6907d61c6b190e0ccf67b91a,35.2901,116.317369
6907d61c6b190e0ccf67b91b,48.7277622,100.7724281
6907d61c6b190e0ccf67b91c,16.9457374,102.5757028
6907d61c6b190e0ccf67b91d,5.255906,-75.1538939
6907d61c6b190e0ccf67b91e,41.4981839,-8.3569915
6907d61c6b190e0ccf67b91f,32.200197,118.41697
6907d61c6b190e0ccf67b920,16.1344075,102.2090224
6907d61c6b190e0ccf67b921,-27.4955748,-48.6553685
6907d61c6b190e0ccf67b922,43.42993,83.26077
6907d61c6b190e0ccf67b923,41.5094765,19.7710732
6907d61c6b190e0ccf67b924,49.8687559,17.0138788
6907d61c6b190e0ccf67b925,22.814704,113.672784
6907d61c6b190e0ccf67b926,20.452352,-97.3141928
6907d61c6b190e0ccf67b927,-26.924287,-65.3379779
6907d61c6b190e0ccf67b928,16.0655913,120.5877148
6907d61c6b190e0ccf67b929,57.50622,12.057449
6907d61c6b190e0ccf67b92a,19.233277,109.412626
6907d61c6b190e0ccf67b92b,-27.1435718,-56.7664844
6907d61c6b190e0ccf67b92c,57.1734042,14.0299287
6907d61c6b190e0ccf67b92d,49.9637141,19.9370144
6907d61c6b190e0ccf67b92e,-32.9508446,-60.7032578
6907d61c6b190e0ccf67b92f,51.3383504,12.3634475
6907d61c6b190e0ccf67b930,-1.2088413,116.8776192
6907d61c6b190e0ccf67b931,1.33546,-75.51081
6907d61c6b190e0ccf67b932,45.0152528,98.9366407
6907d61c6b190e0ccf67b933,36.87468,106.451871
6907d61c6b190e0ccf67b934,43.3423246,1.2606792
6907d61c6b190e0ccf67b935,42.2020702,25.3248541
6907d61c6b190e0ccf67b936,8.1818348,124.147545
6907d61c6b190e0ccf67b937,50.9831778,18.3083298
6907d61c6b190e0ccf67b938,8.039166,124.268625
6907d61c6b190e0ccf67b939,41.5823573,-8.4638232
6907d61c6b190e0ccf67b93a,-7.5754887,110.8243272
6907d61c6b190e0ccf67b93b,41.43254,46.9646
6907d61c6b190e0ccf67b93c,37.489877,117.509921
6907d61c6b190e0ccf67b93d,29.0994968,119.700816
6907d61c6b190e0ccf67b93e,40.2214779,116.2027916
6907d61c6b190e0ccf67b93f,59.9294476,30.3651444
6907d61c6b190e0ccf67b940,44.2641474,2.0928189
6907d61c6b190e0ccf67b941,5.887247,-10.0303723
6907d61c6b190e0ccf67b942,40.6394384,-8.6380475
6907d61c6b190e0ccf67b943,56.0372083,21.8173884
6907d61c6b190e0ccf67b944,13.6579053,102.5809026
6907d61c6b190e0ccf67b945,15.0026671,-88.751805
6907d61c6b190e0ccf67b946,39.420994,20.0143022
6907d61c6b190e0ccf67b947,57.6073069,11.9770405
6907d61c6b190e0ccf67b948,-9.309531,-35.9420041
6907d61c6b190e0ccf67b949,8.2101114,124.8662656
6907d61c6b190e0ccf67b94a,45.1242818,39.3719039
6907d61c6b190e0ccf67b94b,0.409905,109.9556406
6907d61c6b190e0ccf67b94c,-6.9557,113.4028
6907d61c6b190e0ccf67b94d,31.922974,118.663681
6907d61c6b190e0ccf67b94e,-7.9675395,112.7032945
6907d61c6b190e0ccf67b94f,52.3444367,4.9091171
6907d61c6b190e0ccf67b950,40.643647,80.375053
6907d61c6b190e0ccf67b951,36.865827,116.231416
6907d61c6b190e0ccf67b952,39.76624,44.8087498
6907d61c6b190e0ccf67b953,47.7820865,27.930686
6907d61c6b190e0ccf67b954,45.3369621,97.9685657
6907d61c6b190e0ccf67b955,52.969667,122.539307
6907d61c6b190e0ccf67b956,28.474171,116.814536
6907d61c6b190e0ccf67b957,58.3005959,56.4173346
6907d61c6b190e0ccf67b958,-7.2541395,112.7703313
6907d61c6b190e0ccf67b959,22.719257,114.055261
6907d61c6b190e0ccf67b95a,24.315499,109.410683
6907d61c6b190e0ccf67b95b,24.9936281,121.3009798
6907d61c6b190e0ccf67b95c,-1.7864953,37.6311071
6907d61c6b190e0ccf67b95d,53.0172544,20.8891438
6907d61c6b190e0ccf67b95e,48.97974,33.52638
6907d61c6b190e0ccf67b95f,10.527138,122.813931
6907d61c6b190e0ccf67b960,40.5740471,-8.6441655
6907d61c6b190e0ccf67b961,15.911973,102.4609873
6907d61c6b190e0ccf67b962,38.9550335,-9.1331143
6907d61c6b190e0ccf67b963,45.161017,1.663862
6907d61c6b190e0ccf67b964,18.2849318,109.5907878
6907d61c6b190e0ccf67b965,51.4270935,21.3306176
6907d61c6b190e0ccf67b966,-8.2614583,-77.8988897
6907d61c6b190e0ccf67b967,-21.6704167,-42.0792577
6907d61c6b190e0ccf67b968,59.3146154,18.0001365
6907d61c6b190e0ccf67b969,57.7051896,11.9006932
6907d61c6b190e0ccf67b96a,23.106401,113.459749
6907d61c6b190e0ccf67b96b,-26.4051075,30.447285
6907d61c6b190e0ccf67b96c,46.0952765,-64.7486638
6907d61c6b190e0ccf67b96d,-34.4349435,-71.0913748
6907d61c6b190e0ccf67b96e,-14.07109,-72.676201
6907d61c6b190e0ccf67b96f,6.7703871,8.9935558
6907d61c6b190e0ccf67b970,-8.401854,114.118103
6907d61c6b190e0ccf67b971,46.5201168,15.8866431
6907d61c6b190e0ccf67b972,7.0241972,79.9020405
6907d61c6b190e0ccf67b973,-6.9871199,107.8487279
6907d61c6b190e0ccf67b974,50.98709,14.5696066
6907d61c6b190e0ccf67b975,48.9124688,2.3977418
6907d61c6b190e0ccf67b976,37.7378509,138.7970925
6907d61c6b190e0ccf67b977,31.2073439,121.5009714
6907d61c6b190e0ccf67b978,6.9815445,80.7647336
6907d61c6b190e0ccf67b979,48.7803815,2.4549884
6907d61c6b190e0ccf67b97a,47.2320539,39.5359498
6907d61c6b190e0ccf67b97b,52.4402961,20.6717224
6907d61c6b190e0ccf67b97c,54.3777115,81.9305699
6907d61c6b190e0ccf67b97d,-7.2290752,-35.8808337
6907d61c6b190e0ccf67b97e,59.2411379,17.9913767
6907d61c6b190e0ccf67b97f,54.7674474,58.2897934
6907d61c6b190e0ccf67b980,-7.3788331,112.8165095
6907d61c6b190e0ccf67b981,63.2370276,21.3941749
6907d61c6b190e0ccf67b982,19.1527452,101.1539414
6907d61c6b190e0ccf67b983,52.1474235,20.4745018
6907d61c6b190e0ccf67b984,34.481455,108.386208
6907d61c6b190e0ccf67b985,3.0721692,101.4687196
6907d61c6b190e0ccf67b986,59.0922905,57.6539388
6907d61c6b190e0ccf67b987,23.236168,111.409653
6907d61c6b190e0ccf67b988,26.396895,118.449395
6907d61c6b190e0ccf67b989,-6.7905128,111.9671537
6907d61c6b190e0ccf67b98a,46.8117208,33.4901963
6907d61c6b190e0ccf67b98b,-5.8949347,-35.4343604
6907d61c6b190e0ccf67b98c,43.3367832,44.1589834
6907d61c6b190e0ccf67b98d,45.1257987,19.2282876
6907d61c6b190e0ccf67b98e,-20.2555875,-42.030947
6907d61c6b190e0ccf67b98f,46.6522807,38.0818378
6907d61c6b190e0ccf67b990,-38.1854517,175.2102748
6907d61c6b190e0ccf67b991,15.607875,39.4553839
6907d61c6b190e0ccf67b992,-14.8000877,36.5337731
6907d61c6b190e0ccf67b993,51.5489435,33.3860497
6907d61c6b190e0ccf67b994,-15.3765857,35.3356518
6907d61c6b190e0ccf67b995,31.6318053,121.4138789
6907d61c6b190e0ccf67b996,44.0207262,20.4633133
6907d61c6b190e0ccf67b997,32.060255,118.796877
6907d61c6b190e0ccf67b998,48.6841029,24.4272889
6907d61c6b190e0ccf67b999,-7.935534,110.7148829
6907d61c6b190e0ccf67b99a,38.1283,46.678551
6907d61c6b190e0ccf67b99b,60.6191114,26.1999237
6907d61c6b190e0ccf67b99c,-25.7792984,-64.9562897
6907d61c6b190e0ccf67b99d,13.874099,120.972283
6907d61c6b190e0ccf67b99e,41.8984166,20.905252
6907d61c6b190e0ccf67b99f,49.7266869,20.9961868
6907d61c6b190e0ccf67b9a0,-6.981636,108.308502
6907d61c6b190e0ccf67b9a1,18.2855395,99.5127895
6907d61c6b190e0ccf67b9a2,44.326388,85.619416
6907d61c6b190e0ccf67b9a3,2.157713,100.8162
6907d61c6b190e0ccf67b9a4,36.702014,117.646567
6907d61c6b190e0ccf67b9a5,60.3763373,25.2708919
6907d61c6b190e0ccf67b9a6,43.24417,127.181168
6907d61c6b190e0ccf67b9a7,26.5241653,-77.0909809
6907d61c6b190e0ccf67b9a8,-11.9007479,-40.7564002
6907d61c6b190e0ccf67b9a9,45.44588,-73.7693013
6907d61c6b190e0ccf67b9aa,-7.0964497,108.6828838
6907d61c6b190e0ccf67b9ab,-7.2457322,112.7795375
6907d61c6b190e0ccf67b9ac,6.2317308,118.0689847
6907d61c6b190e0ccf67b9ad,45.0725651,-93.3873133
6907d61c6b190e0ccf67b9ae,22.354385,110.947043
6907d61c6b190e0ccf67b9af,-6.4510633,107.4676861
6907d61c6b190e0ccf67b9b0,34.9344195,-2.2298164
6907d61c6b190e0ccf67b9b1,11.011535,122.650377
6907d61c6b190e0ccf67b9b2,51.8204945,68.3636926
6907d61c6b190e0ccf67b9b3,54.5815949,54.5367341
6907d61c6b190e0ccf67b9b4,43.1729478,16.4411136
6907d61c6b190e0ccf67b9b5,38.9200512,-7.4195818
6907d61c6b190e0ccf67b9b6,-16.1178235,23.2960171
6907d61c6b190e0ccf67b9b7,48.43349,-77.63279
6907d61c6b190e0ccf67b9b8,23.365556,116.70345
6907d61c6b190e0ccf67b9b9,7.9076232,-80.4256976
6907d61c6b190e0ccf67b9ba,38.2645,114.690007
6907d61c6b190e0ccf67b9bb,59.4051627,30.3268427
6907d61c6b190e0ccf67b9bc,-6.9748882,112.4082849
6907d61c6b190e0ccf67b9bd,56.7889481,44.5018318
6907d61c6b190e0ccf67b9be,37.1017088,70.5552362
6907d61c6b190e0ccf67b9bf,6.6172697,101.4284143
6907d61c6b190e0ccf67b9c0,55.813247,37.478747
6907d61c6b190e0ccf67b9c1,-10.2824604,123.3205544
6907d61c6b190e0ccf67b9c2,22.719257,114.055261
6907d61c6b190e0ccf67b9c3,34.2565473,135.4765527
6907d61c6b190e0ccf67b9c4,32.341673,36.2020028
6907d61c6b190e0ccf67b9c5,-7.2114552,112.7450068
6907d61c6b190e0ccf67b9c6,34.590396,101.336954
6907d61c6b190e0ccf67b9c7,23.7247599,108.8076195
6907d61c6b190e0ccf67b9c8,47.3752386,-0.8453268
6907d61c6b190e0ccf67b9c9,48.0288905,123.0199373
6907d61c6b190e0ccf67b9ca,52.5652013,22.9056677
6907d61c6b190e0ccf67b9cb,-6.9375866,108.5522531
6907d61c6b190e0ccf67b9cc,41.3760282,-8.4673336
6907d61c6b190e0ccf67b9cd,14.1967923,121.4019727
6907d61c6b190e0ccf67b9ce,24.042666,114.345641
6907d61c6b190e0ccf67b9cf,5.896774,118.06182
6907d61c6b190e0ccf67b9d0,-26.8268706,-65.2705688
6907d61c6b190e0ccf67b9d1,26.312444,99.850365
6907d61c6b190e0ccf67b9d2,23.082498,113.518911
6907d61c6b190e0ccf67b9d3,-7.193833,-78.426165
6907d61c6b190e0ccf67b9d4,54.36667,24.33333
6907d61c6b190e0ccf67b9d5,47.9122021,7.286872
6907d61c6b190e0ccf67b9d6,1.0931431,36.7018311
6907d61c6b190e0ccf67b9d7,45.9426521,15.1455616
6907d61c6b190e0ccf67b9d8,-6.5801079,-76.2609463
6907d61c6b190e0ccf67b9d9,51.3436553,25.8490867
6907d61c6b190e0ccf67b9da,46.2194458,-71.7713791
6907d61c6b190e0ccf67b9db,32.0671,35.08287
6907d61c6b190e0ccf67b9dc,-7.261568,112.749865
6907d61c6b190e0ccf67b9dd,-8.301379,-78.0084789
6907d61c6b190e0ccf67b9de,23.084122,114.382541
6907d61c6b190e0ccf67b9df,43.2916776,-0.3696612
6907d61c6b190e0ccf67b9e0,-1.0756073,17.1602683
6907d61c6b190e0ccf67b9e1,23.170455,114.419667
6907d61c6b190e0ccf67b9e2,49.0132543,17.4380293
6907d61c6b190e0ccf67b9e3,41.267244,123.236944
6907d61c6b190e0ccf67b9e4,39.128502,113.139828
6907d61c6b190e0ccf67b9e5,35.32297,25.39275
6907d61c6b190e0ccf67b9e6,28.228209,112.938814
6907d61c6b190e0ccf67b9e7,15.48277,120.58604
6907d61c6b190e0ccf67b9e8,44.406105,126.965607
6907d61c6b190e0ccf67b9e9,22.938069,112.987173
6907d61c6b190e0ccf67b9ea,-3.9257199,29.9899512
6907d61c6b190e0ccf67b9eb,-3.059218,128.1903079
6907d61c6b190e0ccf67b9ec,10.35,124.8
6907d61c6b190e0ccf67b9ed,9.939624,126.065213
6907d61c6b190e0ccf67b9ee,52.3287247,21.1718237
6907d61c6b190e0ccf67b9ef,48.63333,106.73333
6907d61c6b190e0ccf67b9f0,49.799354,23.518328
6907d61c6b190e0ccf67b9f1,-32.7021934,-57.6382382
6907d61c6b190e0ccf67b9f2,42.059759,86.574067
6907d61c6b190e0ccf67b9f3,38.4198489,140.9986577
6907d61c6b190e0ccf67b9f4,-2.673867,139.7728757
6907d61c6b190e0ccf67b9f5,53.4131023,18.0085553
6907d61c6b190e0ccf67b9f6,22.919228,115.652151
6907d61c6b190e0ccf67b9f7,25.5822549,-100.9086492
6907d61c6b190e0ccf67b9f8,7.0649018,125.7230302
6907d61c6b190e0ccf67b9f9,53.9961392,27.7280809
6907d61c6b190e0ccf67b9fa,53.2866372,-6.2508196
6907d61c6b190e0ccf67b9fb,25.904305,112.203287
6907d61c6b190e0ccf67b9fc,15.9814118,120.8071339
6907d61c6b190e0ccf67b9fd,43.4945737,5.8978018
6907d61c6b190e0ccf67b9fe,36.6484118,9.6146499
6907d61c6b190e0ccf67b9ff,3.7015971,8.9100475
6907d61c6b190e0ccf67ba00,-7.5201771,109.2638245
6907d61c6b190e0ccf67ba01,-1.7437356,-47.058302
6907d61c6b190e0ccf67ba02,-10.1429097,123.6707189
6907d61c6b190e0ccf67ba03,46.9758047,128.0462031
6907d61c6b190e0ccf67ba04,-26.6119534,-49.0075714
6907d61c6b190e0ccf67ba05,30.07225,122.003581
6907d61c6b190e0ccf67ba06,-6.7290837,111.3694594
6907d61c6b190e0ccf67ba07,9.0462197,123.1281781
6907d61c6b190e0ccf67ba08,-10.1555651,-77.4397297
6907d61c6b190e0ccf67ba09,11.9210864,-86.1230153
6907d61c6b190e0ccf67ba0a,26.2366058,36.4688958
6907d61c6b190e0ccf67ba0b,23.2654395,113.3547602
6907d61c6b190e0ccf67ba0c,48.9308651,6.0376291
6907d61c6b190e0ccf67ba0d,61.5715454,31.4869341
6907d61c6b190e0ccf67ba0e,54.70375,99.63042
6907d61c6b190e0ccf67ba0f,-10.5219124,-38.9066439
6907d61c6b190e0ccf67ba10,-20.2695062,57.6297389
6907d61c6b190e0ccf67ba11,54.6219097,24.9344265
6907d61c6b190e0ccf67ba12,43.7441795,2.511999
6907d61c6b190e0ccf67ba13,-7.4220343,106.7529514
6907d61c6b190e0ccf67ba14,61.3501078,16.373663
6907d61c6b190e0ccf67ba15,23.2321219,-106.4140053
6907d61c6b190e0ccf67ba16,-4.6633041,120.0141251
6907d61c6b190e0ccf67ba17,-7.8028722,113.007156
6907d61c6b190e0ccf67ba18,24.310713,110.64085
6907d61c6b190e0ccf67ba19,55.0319476,36.7358019
6907d61c6b190e0ccf67ba1a,20.3719163,-76.6297189
6907d61c6b190e0ccf67ba1b,49.9637141,19.9370144
6907d61c6b190e0ccf67ba1c,41.3445243,19.7234519
6907d61c6b190e0ccf67ba1d,48.4242028,142.0863655
6907d61c6b190e0ccf67ba1e,7.216175,7.5599321
6907d61c6b190e0ccf67ba1f,-2.4135692,115.2111472
6907d61c6b190e0ccf67ba20,63.8532929,23.0832748
6907d61c6b190e0ccf67ba21,57.1068191,41.7340876
6907d61c6b190e0ccf67ba22,50.969668,18.7293002
6907d61c6b190e0ccf67ba23,29.731101,116.251947
6907d61c6b190e0ccf67ba24,57.4775613,38.2760868
6907d61c6b190e0ccf67ba25,39.7887592,-8.0603988
6907d61c6b190e0ccf67ba26,41.2600249,-8.6465086
6907d61c6b190e0ccf67ba27,55.6700613,12.5468826
6907d61c6b190e0ccf67ba28,-7.500242,109.7264281
6907d61c6b190e0ccf67ba29,50.3197113,20.3992492
6907d61c6b190e0ccf67ba2a,-5.4430889,-35.8716137
6907d61c6b190e0ccf67ba2b,49.039076,2.074954
6907d61c6b190e0ccf67ba2c,-42.7700601,-65.0306302
6907d61c6b190e0ccf67ba2d,-33.0320432,27.8863851
6907d61c6b190e0ccf67ba2e,-32.943528,24.6549185
6907d61c6b190e0ccf67ba2f,2.013818,-75.9373449
6907d61c6b190e0ccf67ba30,27.1574303,117.3011656
6907d61c6b190e0ccf67ba31,41.3495192,-8.5704778
6907d61c6b190e0ccf67ba32,25.487867,115.614437
6907d61c6b190e0ccf67ba33,-20.5558832,-48.5762695
6907d61c6b190e0ccf67ba34,-31.7436794,-65.0052144
6907d61c6b190e0ccf67ba35,35.8037979,128.5005419
6907d61c6b190e0ccf67ba36,59.3537148,17.1973864
6907d61c6b190e0ccf67ba37,35.3527256,24.4345055
6907d61c6b190e0ccf67ba38,-4.4505838,-38.0631455
6907d61c6b190e0ccf67ba39,38.452173,114.897169
6907d61c6b190e0ccf67ba3a,49.1931313,-0.3907558
6907d61c6b190e0ccf67ba3b,44.7800716,44.1646857
6907d61c6b190e0ccf67ba3c,14.0206423,123.2983232
6907d61c6b190e0ccf67ba3d,3.799339,-75.194595
6907d61c6b190e0ccf67ba3e,6.1167871,125.230372
6907d61c6b190e0ccf67ba3f,56.6519542,16.3281272
6907d61c6b190e0ccf67ba40,30.594336,105.236903
6907d61c6b190e0ccf67ba41,30.368126,102.814531
6907d61c6b190e0ccf67ba42,36.0699425,136.2452307
6907d61c6b190e0ccf67ba43,47.731164,87.463427
6907d61c6b190e0ccf67ba44,59.4050955,17.9551008
6907d61c6b190e0ccf67ba45,40.5067525,47.6489641
6907d61c6b190e0ccf67ba46,45.0222956,39.1162056
6907d61c6b190e0ccf67ba47,14.990034,-89.719295
6907d61c6b190e0ccf67ba48,35.32608,116.948961
6907d61c6b190e0ccf67ba49,-6.1179866,106.5760857
6907d61c6b190e0ccf67ba4a,38.4361809,57.4287899
6907d61c6b190e0ccf67ba4b,50.4350286,18.0987896
6907d61c6b190e0ccf67ba4c,47.6479788,36.164764
6907d61c6b190e0ccf67ba4d,37.082157,120.99453
6907d61c6b190e0ccf67ba4e,-6.5951,111.0566
6907d61c6b190e0ccf67ba4f,30.940195,118.75868
6907d61c6b190e0ccf67ba50,2.9667878,32.0837445
6907d61c6b190e0ccf67ba51,40.5753726,-8.5463483
6907d61c6b190e0ccf67ba52,38.2956138,140.9969841
6907d61c6b190e0ccf67ba53,-7.3055997,108.0940566
6907d61c6b190e0ccf67ba54,0.97319,124.674591
6907d61c6b190e0ccf67ba55,-7.5739492,-78.0699576
6907d61c6b190e0ccf67ba56,48.8588363,2.3477753
6907d61c6b190e0ccf67ba57,31.009235,121.417985
6907d61c6b190e0ccf67ba58,45.3663041,40.1674073
6907d61c6b190e0ccf67ba59,8.4611612,25.6805868
6907d61c6b190e0ccf67ba5a,4.8238623,96.195132
6907d61c6b190e0ccf67ba5b,21.0078386,105.9376756
6907d61c6b190e0ccf67ba5c,-8.237963,112.5513677
6907d61c6b190e0ccf67ba5d,12.6757233,-86.571617
6907d61c6b190e0ccf67ba5e,60.1347052,10.1579266
6907d61c6b190e0ccf67ba5f,45.5220648,-122.6757228
6907d61c6b190e0ccf67ba60,41.707342,-8.3509957
6907d61c6b190e0ccf67ba61,37.8509191,21.2543651
6907d61c6b190e0ccf67ba62,10.305562,123.897862
6907d61c6b190e0ccf67ba63,49.0844448,140.2534384
6907d61c6b190e0ccf67ba64,35.202503,102.521807
6907d61c6b190e0ccf67ba65,45.1201746,20.8993932
6907d61c6b190e0ccf67ba66,59.3777955,17.9613181
6907d61c6b190e0ccf67ba67,49.05798,-122.25257
6907d61c6b190e0ccf67ba68,33.505152,112.423014
6907d61c6b190e0ccf67ba69,50.0028883,21.8964008
6907d61c6b190e0ccf67ba6a,30.807667,108.408661
6907d61c6b190e0ccf67ba6b,56.3072493,38.701054
6907d61c6b190e0ccf67ba6c,34.866667,9.783333
6907d61c6b190e0ccf67ba6d,28.955847,114.532957
6907d61c6b190e0ccf67ba6e,-4.3383128,-41.8402054
6907d61c6b190e0ccf67ba6f,38.6839843,-28.2131879
6907d61c6b190e0ccf67ba70,35.6726588,139.7796498
6907d61c6b190e0ccf67ba71,14.5374461,121.022248
6907d61c6b190e0ccf67ba72,44.2288747,22.5310674
6907d61c6b190e0ccf67ba73,48.1041936,-77.7963772
6907d61c6b190e0ccf67ba74,24.686644,106.809489
6907d61c6b190e0ccf67ba75,-6.0329665,26.9263671
6907d61c6b190e0ccf67ba76,17.9469612,98.8113193
6907d61c6b190e0ccf67ba77,23.15998,113.327132
6907d61c6b190e0ccf67ba78,32.407849,119.4213786
6907d61c6b190e0ccf67ba79,23.018033,-82.3343375
6907d61c6b190e0ccf67ba7a,40.3706555,47.1378909
6907d61c6b190e0ccf67ba7b,9.1749262,-76.1435915
6907d61c6b190e0ccf67ba7c,49.917089,19.468167
6907d61c6b190e0ccf67ba7d,-7.3677628,110.1209019
6907d61c6b190e0ccf67ba7e,-24.5082407,-47.5275422
6907d61c6b190e0ccf67ba7f,55.0488923,41.1651836
6907d61c6b190e0ccf67ba80,31.306136,120.6240412
6907d61c6b190e0ccf67ba81,-6.2614858,106.4052541
6907d61c6b190e0ccf67ba82,58.263232,54.9326774
6907d61c6b190e0ccf67ba83,35.6119879,138.9418829
6907d61c6b190e0ccf67ba84,11.8215864,-86.1306519
6907d61c6b190e0ccf67ba85,40.88222,111.715
6907d61c6b190e0ccf67ba86,-22.7475609,-50.3834929
6907d61c6b190e0ccf67ba87,-8.0475926,112.0118669
6907d61c6b190e0ccf67ba88,-5.018945,119.572183
6907d61c6b190e0ccf67ba89,-6.9122509,109.7457739
6907d61c6b190e0ccf67ba8a,52.24396,19.6259601
6907d61c6b190e0ccf67ba8b,-19.986874,57.6127424
6907d61c6b190e0ccf67ba8c,50.6276718,81.911898
6907d61c6b190e0ccf67ba8d,20.3983828,104.2293297
6907d61c6b190e0ccf67ba8e,-7.3554007,-35.2258365
6907d61c6b190e0ccf67ba8f,22.324743,114.211039
6907d61c6b190e0ccf67ba90,28.845441,121.131229
6907d61c6b190e0ccf67ba91,54.6711201,18.3894523
6907d61c6b190e0ccf67ba92,48.8277019,24.8993085
6907d61c6b190e0ccf67ba93,38.7280454,-9.3225944
6907d61c6b190e0ccf67ba94,13.6962531,100.8241914
6907d61c6b190e0ccf67ba95,-36.9532166,-73.017378
6907d61c6b190e0ccf67ba96,43.3209022,21.8957589
6907d61c6b190e0ccf67ba97,44.8671415,4.9157564
6907d61c6b190e0ccf67ba98,19.4102526,-99.0073673
6907d61c6b190e0ccf67ba99,23.7247599,108.8076195
6907d61c6b190e0ccf67ba9a,37.1228583,69.1581192
6907d61c6b190e0ccf67ba9b,47.5951141,37.4831419
6907d61c6b190e0ccf67ba9c,33.9666752,-117.6181229
6907d61c6b190e0ccf67ba9d,31.5769405,72.4156898
6907d61c6b190e0ccf67ba9e,39.0924952,117.1770394
6907d61c6b190e0ccf67ba9f,34.2456501,108.9877602
6907d61c6b190e0ccf67baa0,42.13896,21.7247643
6907d61c6b190e0ccf67baa1,49.6297207,37.6810464
6907d61c6b190e0ccf67baa2,40.4168034,23.0102888
6907d61c6b190e0ccf67baa3,29.474413,110.166477
6907d61c6b190e0ccf67baa4,-10.0680289,-75.5516879
6907d61c6b190e0ccf67baa5,50.7885238,37.8995347
6907d61c6b190e0ccf67baa6,-7.068288,106.8953043
6907d61c6b190e0ccf67baa7,29.5530941,118.9353968
6907d61c6b190e0ccf67baa8,-34.6661172,-58.5288333
6907d61c6b190e0ccf67baa9,23.219932,102.835223
6907d61c6b190e0ccf67baaa,16.25652,43.85476
6907d61c6b190e0ccf67baab,52.8517028,16.5231662
6907d61c6b190e0ccf67baac,46.0733211,15.5596719
6907d61c6b190e0ccf67baad,55.7368049,37.8286538
6907d61c6b190e0ccf67baae,43.16678,-81.93309
6907d61c6b190e0ccf67baaf,22.940196,113.943916
6907d61c6b190e0ccf67bab0,30.5651672,31.1578769
6907d61c6b190e0ccf67bab1,-19.0152673,-57.6594997
6907d61c6b190e0ccf67bab2,11.5556884,122.3800058
6907d61c6b190e0ccf67bab3,-7.5450262,111.6556388
6907d61c6b190e0ccf67bab4,54.8948642,42.7717966
6907d61c6b190e0ccf67bab5,-4.1383821,103.9724141
6907d61c6b190e0ccf67bab6,46.9554271,79.6785264
6907d61c6b190e0ccf67bab7,25.05732,110.450325
6907d61c6b190e0ccf67bab8,59.8794468,29.9105627
6907d61c6b190e0ccf67bab9,24.3520171,116.6930225
6907d61c6b190e0ccf67baba,56.1263981,88.5278663
6907d61c6b190e0ccf67babb,46.9167921,36.8246053
6907d61c6b190e0ccf67babc,27.8122083,52.350694
6907d61c6b190e0ccf67babd,6.6250097,124.5975512
6907d61c6b190e0ccf67babe,40.094835,113.249246
6907d61c6b190e0ccf67babf,45.6168,-75.01599
6907d61c6b190e0ccf67bac0,50.887101,-2.355369
6907d61c6b190e0ccf67bac1,-8.0644078,113.7662578
6907d61c6b190e0ccf67bac2,10.6797099,122.4163734
6907d61c6b190e0ccf67bac3,11.5098328,10.7654581
6907d61c6b190e0ccf67bac4,34.341574,108.93977
6907d61c6b190e0ccf67bac5,29.274384,90.253717
6907d61c6b190e0ccf67bac6,13.5128321,122.4695322
6907d61c6b190e0ccf67bac7,34.3193669,8.4074573
6907d61c6b190e0ccf67bac8,28.1905018,112.999502
6907d61c6b190e0ccf67bac9,-8.1553145,111.8270486
6907d61c6b190e0ccf67baca,49.554701,32.0981669
6907d61c6b190e0ccf67bacb,36.9073868,54.8566207
6907d61c6b190e0ccf67bacc,39.0745039,-84.33211
6907d61c6b190e0ccf67bacd,-13.589688,-73.9962255
6907d61c6b190e0ccf67bace,44.5454847,18.1033619
6907d61c6b190e0ccf67bacf,38.26667,21.83333
6907d61c6b190e0ccf67bad0,48.0134881,37.7314838
6907d61c6b190e0ccf67bad1,-7.6426348,112.7032945
6907d61c6b190e0ccf67bad2,44.5453926,2.14552
6907d61c6b190e0ccf67bad3,24.880992,118.71899
6907d61c6b190e0ccf67bad4,51.2472392,4.4403455
6907d61c6b190e0ccf67bad5,29.584292,111.380014
6907d61c6b190e0ccf67bad6,13.3600554,100.9849333
6907d61c6b190e0ccf67bad7,53.5131868,27.905137
6907d61c6b190e0ccf67bad8,47.7437283,27.9542722
6907d61c6b190e0ccf67bad9,-8.4071,123.0649
6907d61c6b190e0ccf67bada,15.2679414,102.8514837
6907d61c6b190e0ccf67badb,55.6789638,12.5383906
6907d61c6b190e0ccf67badc,29.6970749,106.6160052
6907d61c6b190e0ccf67badd,-6.9484206,110.2579036
6907d61c6b190e0ccf67bade,4.3202706,21.1861342
6907d61c6b190e0ccf67badf,39.8441383,116.444208
6907d61c6b190e0ccf67bae0,33.786489,133.7255189
6907d61c6b190e0ccf67bae1,19.5403533,-71.0790048
6907d61c6b190e0ccf67bae2,38.2792524,111.6631302
6907d61c6b190e0ccf67bae3,51.3895069,22.1851171
6907d61c6b190e0ccf67bae4,59.924661,30.3865325
6907d61c6b190e0ccf67bae5,36.5222,70.79064
6907d61c6b190e0ccf67bae6,53.2888321,-6.7515223
6907d61c6b190e0ccf67bae7,43.258497,117.54141
6907d61c6b190e0ccf67bae8,42.10667,21.10889
6907d61c6b190e0ccf67bae9,31.559966,114.121441
6907d61c6b190e0ccf67baea,36.684789,118.479654
6907d61c6b190e0ccf67baeb,44.5339817,16.7747156
6907d61c6b190e0ccf67baec,-1.0616193,-46.7830109
6907d61c6b190e0ccf67baed,51.240387,20.3798933
6907d61c6b190e0ccf67baee,50.1063169,22.3570583
6907d61c6b190e0ccf67baef,29.685532,114.799355
6907d61c6b190e0ccf67baf0,45.6825301,14.1960581
6907d61c6b190e0ccf67baf1,49.0711781,29.8488529
6907d61c6b190e0ccf67baf2,23.378505,113.832363
6907d61c6b190e0ccf67baf3,40.0179745,44.5841127
6907d61c6b190e0ccf67baf4,-8.0568365,111.8002195
6907d61c6b190e0ccf67baf5,49.4940668,18.0992378
6907d61c6b190e0ccf67baf6,59.1499143,9.6586061
6907d61c6b190e0ccf67baf7,26.9111769,87.9236747
6907d61c6b190e0ccf67baf8,50.254933,21.478359
6907d61c6b190e0ccf67baf9,-29.1667089,-51.5169861
6907d61c6b190e0ccf67bafa,55.9835962,37.1465904
6907d61c6b190e0ccf67bafb,35.819227,108.019549
6907d61c6b190e0ccf67bafc,34.035771,113.852454
6907d61c6b190e0ccf67bafd,55.3226595,38.7095805
6907d61c6b190e0ccf67bafe,23.127149,109.452662
6907d61c6b190e0ccf67baff,-7.1282614,108.6591293
6907d61c6b190e0ccf67bb00,52.4657235,18.884747
6907d61c6b190e0ccf67bb01,-11.6604039,43.2726992
6907d61c6b190e0ccf67bb02,29.985295,122.207215
6907d61c6b190e0ccf67bb03,28.108088,114.457886
6907d61c6b190e0ccf67bb04,-6.308009,155.477221
6907d61c6b190e0ccf67bb05,34.8439922,36.9299219
6907d61c6b190e0ccf67bb06,43.915,67.24806
6907d61c6b190e0ccf67bb07,23.144757,113.253429
6907d61c6b190e0ccf67bb08,18.903521,110.477642
6907d61c6b190e0ccf67bb09,49.2815819,-122.7535881
6907d61c6b190e0ccf67bb0a,49.7762204,22.6525426
6907d61c6b190e0ccf67bb0b,35.6940331,138.5178782
6907d61c6b190e0ccf67bb0c,23.69589,113.645048
6907d61c6b190e0ccf67bb0d,58.434681,58.264291
6907d61c6b190e0ccf67bb0e,44.6034915,20.45241
6907d61c6b190e0ccf67bb0f,23.945891,104.412274
6907d61c6b190e0ccf67bb10,14.5660577,121.015242
6907d61c6b190e0ccf67bb11,-25.4106487,-57.3609511
6907d61c6b190e0ccf67bb12,41.82663,-7.7878704
6907d61c6b190e0ccf67bb13,17.686931,103.9608091
6907d61c6b190e0ccf67bb14,-20.7430332,-46.6096926
6907d61c6b190e0ccf67bb15,41.682758,20.32996
6907d61c6b190e0ccf67bb16,63.9060413,24.5144506
6907d61c6b190e0ccf67bb17,63.2563101,18.4484104
6907d61c6b190e0ccf67bb18,49.6616099,22.004725
6907d61c6b190e0ccf67bb19,30.4415185,-87.2518824
6907d61c6b190e0ccf67bb1a,-11.7198172,43.2630304
6907d61c6b190e0ccf67bb1b,31.8024122,12.3005803
6907d61c6b190e0ccf67bb1c,50.4465359,19.894509
6907d61c6b190e0ccf67bb1d,-10.2824604,123.3205544
6907d61c6b190e0ccf67bb1e,-6.6889038,107.6185727
6907d61c6b190e0ccf67bb1f,22.170437,111.791539
6907d61c6b190e0ccf67bb20,56.3137647,43.3592596
6907d61c6b190e0ccf67bb21,59.3917649,15.8447572
6907d61c6b190e0ccf67bb22,32.339402,35.396266
6907d61c6b190e0ccf67bb23,34.509325,119.751715
6907d61c6b190e0ccf67bb24,63.7435338,53.7021347
6907d61c6b190e0ccf67bb25,36.8100183,42.0629842
6907d61c6b190e0ccf67bb26,-7.9666204,112.6326321
6907d61c6b190e0ccf67bb27,27.598453,114.174842
6907d61c6b190e0ccf67bb28,39.4598833,48.5509813
6907d61c6b190e0ccf67bb29,47.532117,7.593124
6907d61c6b190e0ccf67bb2a,-29.68725,-53.8154499
6907d61c6b190e0ccf67bb2b,32.254578,35.191041
6907d61c6b190e0ccf67bb2c,47.2120001,29.1617
6907d61c6b190e0ccf67bb2d,22.951554,112.10915
6907d61c6b190e0ccf67bb2e,20.2639567,105.9753452
6907d61c6b190e0ccf67bb2f,-34.5377407,-58.5521828
6907d61c6b190e0ccf67bb30,-7.5045992,112.542328
6907d61c6b190e0ccf67bb31,-7.0345626,107.9836107
6907d61c6b190e0ccf67bb32,34.746611,113.625328
6907d61c6b190e0ccf67bb33,-20.891394,55.5178001
6907d61c6b190e0ccf67bb34,31.2303904,121.4737021
6907d61c6b190e0ccf67bb35,43.2311668,44.6420273
6907d61c6b190e0ccf67bb36,53.58244,20.2827
6907d61c6b190e0ccf67bb37,-13.2830688,-176.1783832
6907d61c6b190e0ccf67bb38,39.8768811,-8.9140418
6907d61c6b190e0ccf67bb39,34.014215,105.298756
6907d61c6b190e0ccf67bb3a,39.8172259,45.6727334
6907d61c6b190e0ccf67bb3b,24.7512974,89.8282604
6907d61c6b190e0ccf67bb3c,14.5672317,121.0298199
6907d61c6b190e0ccf67bb3d,-26.0730802,30.1069594
6907d61c6b190e0ccf67bb3e,-9.8012675,37.9201751
6907d61c6b190e0ccf67bb3f,46.5222421,15.6550008
6907d61c6b190e0ccf67bb40,-9.7138,120.0297
6907d61c6b190e0ccf67bb41,12.6151,125.039
6907d61c6b190e0ccf67bb42,7.2333331,124.25
6907d61c6b190e0ccf67bb43,-7.4099178,112.7539449
6907d61c6b190e0ccf67bb44,-6.9209,113.8478
6907d61c6b190e0ccf67bb45,24.8435589,89.3701078
6907d61c6b190e0ccf67bb46,48.8351221,2.6302303
6907d61c6b190e0ccf67bb47,50.409026,19.932785
6907d61c6b190e0ccf67bb48,-20.0256695,-44.0572964
6907d61c6b190e0ccf67bb49,53.437194,41.789046
6907d61c6b190e0ccf67bb4a,15.7268196,101.207047
6907d61c6b190e0ccf67bb4b,33.425934,66.5344159
6907d61c6b190e0ccf67bb4c,29.248085,117.861797
6907d61c6b190e0ccf67bb4d,13.4198217,-15.2765351
6907d61c6b190e0ccf67bb4e,53.7217952,40.0305734
6907d61c6b190e0ccf67bb4f,29.737993,114.686707
6907d61c6b190e0ccf67bb50,46.5771983,15.8789679
