mean_fit_time,std_fit_time,mean_score_time,std_score_time,param_subsample,param_n_estimators,param_min_child_weight,param_max_depth,param_learning_rate,param_gamma,param_colsample_bytree,params,split0_test_score,split1_test_score,split2_test_score,split3_test_score,split4_test_score,mean_test_score,std_test_score,rank_test_score
5.996064853668213,0.15349751757315172,0.11444587707519531,0.01876622783739566,0.9,800,10,3,0.01,0.1,0.7,"{'subsample': 0.9, 'n_estimators': 800, 'min_child_weight': 10, 'max_depth': 3, 'learning_rate': 0.01, 'gamma': 0.1, 'colsample_bytree': 0.7}",0.5626460047875341,0.5733074346632833,0.5546584911447716,0.5478625864917661,0.5534386959490483,0.5583826426072808,0.00883073234045359,98
15.051387786865234,0.23975582236166268,0.22777299880981444,0.03840760124174656,0.7,500,3,7,0.01,0.0,0.8,"{'subsample': 0.7, 'n_estimators': 500, 'min_child_weight': 3, 'max_depth': 7, 'learning_rate': 0.01, 'gamma': 0, 'colsample_bytree': 0.8}",0.659092760363292,0.6455236691807611,0.6366605659588216,0.6507029881493901,0.6392965467462479,0.6462553060797026,0.008069705946022406,42
8.123901748657227,0.2689893970408316,0.16379036903381347,0.021229806395227636,0.9,500,3,6,0.1,0.1,0.7,"{'subsample': 0.9, 'n_estimators': 500, 'min_child_weight': 3, 'max_depth': 6, 'learning_rate': 0.1, 'gamma': 0.1, 'colsample_bytree': 0.7}",0.7010700787740747,0.6847560931463496,0.6891638341657212,0.6924432859040779,0.6791045634544084,0.6893075710889264,0.007389550338146721,1
9.151842594146729,0.40200035468961254,0.15649514198303222,0.02640556347525728,0.8,800,10,5,0.1,0.0,0.7,"{'subsample': 0.8, 'n_estimators': 800, 'min_child_weight': 10, 'max_depth': 5, 'learning_rate': 0.1, 'gamma': 0, 'colsample_bytree': 0.7}",0.6916199010694126,0.674888642142863,0.6784053801627852,0.6882847780025817,0.6703533331608895,0.6807104069077065,0.008035710674435235,15
5.6394157886505125,0.2414645151014646,0.076194429397583,0.013015750279913918,0.8,500,3,4,0.01,0.1,0.8,"{'subsample': 0.8, 'n_estimators': 500, 'min_child_weight': 3, 'max_depth': 4, 'learning_rate': 0.01, 'gamma': 0.1, 'colsample_bytree': 0.8}",0.5854017451291217,0.5903800660457301,0.5704191993434079,0.5719844384294389,0.571328665936587,0.5779028229768571,0.008320659435090881,88
5.343348026275635,0.3377248786082821,0.09781417846679688,0.013226006716345867,0.9,800,5,3,0.05,0.1,0.7,"{'subsample': 0.9, 'n_estimators': 800, 'min_child_weight': 5, 'max_depth': 3, 'learning_rate': 0.05, 'gamma': 0.1, 'colsample_bytree': 0.7}",0.64271835824917,0.625242892549139,0.6076587338852052,0.6269598660395964,0.6139129346556985,0.6232985570757619,0.01205826089467517,61
4.250336027145385,0.09256284455079945,0.08125157356262207,0.015807780586584316,0.7,500,10,4,0.03,0.0,0.7,"{'subsample': 0.7, 'n_estimators': 500, 'min_child_weight': 10, 'max_depth': 4, 'learning_rate': 0.03, 'gamma': 0, 'colsample_bytree': 0.7}",0.6239851031045807,0.6204872125796902,0.5953038397819689,0.6134260580785647,0.605795963530725,0.6117996354151058,0.0103417621336751,72
5.529042816162109,0.1704235799149323,0.08417801856994629,0.008981979478162002,0.7,300,5,7,0.05,0.0,0.6,"{'subsample': 0.7, 'n_estimators': 300, 'min_child_weight': 5, 'max_depth': 7, 'learning_rate': 0.05, 'gamma': 0, 'colsample_bytree': 0.6}",0.6842029523965679,0.6653884722782186,0.6673682712126535,0.674311773880182,0.6525666584254717,0.6687676256386188,0.010438726940897815,21
8.24442892074585,0.12440297898933428,0.16034879684448242,0.015117618605948525,0.9,800,10,5,0.05,0.1,0.7,"{'subsample': 0.9, 'n_estimators': 800, 'min_child_weight': 10, 'max_depth': 5, 'learning_rate': 0.05, 'gamma': 0.1, 'colsample_bytree': 0.7}",0.6748060481960018,0.6693346137197406,0.6691101684771159,0.6601399293565372,0.6594238383054057,0.6665629196109603,0.005904933862187427,23
4.707393503189087,0.05192340936138128,0.07655181884765624,0.01611982861367724,0.8,300,5,6,0.05,0.1,0.8,"{'subsample': 0.8, 'n_estimators': 300, 'min_child_weight': 5, 'max_depth': 6, 'learning_rate': 0.05, 'gamma': 0.1, 'colsample_bytree': 0.8}",0.6738233811261615,0.6598844536842031,0.6550690597693947,0.6670741295326056,0.6438449020620942,0.6599391852348917,0.010260851759158671,29
7.572654485702515,0.47471601643643013,0.19989476203918458,0.047546859652426374,0.9,800,10,4,0.03,0.3,0.8,"{'subsample': 0.9, 'n_estimators': 800, 'min_child_weight': 10, 'max_depth': 4, 'learning_rate': 0.03, 'gamma': 0.3, 'colsample_bytree': 0.8}",0.6536830072409329,0.6378313607923738,0.622426526154146,0.6379943157544677,0.6226218196852912,0.6349114059254424,0.011638811264423718,54
5.698195743560791,0.23849641742083477,0.09927473068237305,0.023929313361144927,0.8,500,3,4,0.05,0.1,0.8,"{'subsample': 0.8, 'n_estimators': 500, 'min_child_weight': 3, 'max_depth': 4, 'learning_rate': 0.05, 'gamma': 0.1, 'colsample_bytree': 0.8}",0.6534547067746772,0.640596558366943,0.6208178256618144,0.6409338371872817,0.6350471106593218,0.6381700077300076,0.010564086659910111,52
8.408356523513794,0.27219116159334966,0.1651125431060791,0.04218359046320891,0.8,800,10,5,0.1,0.1,0.6,"{'subsample': 0.8, 'n_estimators': 800, 'min_child_weight': 10, 'max_depth': 5, 'learning_rate': 0.1, 'gamma': 0.1, 'colsample_bytree': 0.6}",0.6905596152331859,0.6782417334915712,0.6764530881649455,0.679854753213138,0.6715216376820901,0.6793261655569862,0.006273930482450901,16
7.08116044998169,0.19785681251417522,0.1384448528289795,0.02636996011038706,0.9,500,3,6,0.1,0.0,0.6,"{'subsample': 0.9, 'n_estimators': 500, 'min_child_weight': 3, 'max_depth': 6, 'learning_rate': 0.1, 'gamma': 0, 'colsample_bytree': 0.6}",0.6930942641830055,0.6795131695449812,0.6907516909545729,0.6923094163330481,0.6689427334977406,0.6849222549026697,0.009380165489978743,6
13.223302173614503,0.1402146657549743,0.17227745056152344,0.021093945674169237,0.8,500,3,7,0.01,0.3,0.7,"{'subsample': 0.8, 'n_estimators': 500, 'min_child_weight': 3, 'max_depth': 7, 'learning_rate': 0.01, 'gamma': 0.3, 'colsample_bytree': 0.7}",0.6645672129735208,0.6482307499920648,0.6422076852623188,0.6551066484296666,0.6409651948540688,0.650215498302328,0.008758167308235297,41
4.298629570007324,0.17978987080250974,0.08199505805969239,0.011733951098174072,0.8,500,10,4,0.05,0.1,0.6,"{'subsample': 0.8, 'n_estimators': 500, 'min_child_weight': 10, 'max_depth': 4, 'learning_rate': 0.05, 'gamma': 0.1, 'colsample_bytree': 0.6}",0.6422236672800848,0.6325505786845697,0.6133317403941156,0.637737901859476,0.6232225489808173,0.6298132874398127,0.010386424132425923,56
5.686223268508911,0.1523876546691334,0.1106027603149414,0.015612692976133262,0.7,500,10,5,0.05,0.0,0.7,"{'subsample': 0.7, 'n_estimators': 500, 'min_child_weight': 10, 'max_depth': 5, 'learning_rate': 0.05, 'gamma': 0, 'colsample_bytree': 0.7}",0.6682351263342061,0.6496792132529237,0.6523666217638079,0.6537443828359449,0.6415049177031762,0.6531060523780118,0.00867378411434885,38
9.744460582733154,0.21728953199497203,0.13221802711486816,0.010870231327266338,0.8,500,3,6,0.01,0.1,0.7,"{'subsample': 0.8, 'n_estimators': 500, 'min_child_weight': 3, 'max_depth': 6, 'learning_rate': 0.01, 'gamma': 0.1, 'colsample_bytree': 0.7}",0.6392369836625913,0.6282922490922078,0.6134650557050878,0.631861885221516,0.618895998474631,0.6263504344312067,0.009184895050361606,57
20.664405870437623,0.18277356848329868,0.32672529220581054,0.04845941515155266,0.8,800,3,7,0.01,0.0,0.8,"{'subsample': 0.8, 'n_estimators': 800, 'min_child_weight': 3, 'max_depth': 7, 'learning_rate': 0.01, 'gamma': 0, 'colsample_bytree': 0.8}",0.678768652246855,0.6572395287819763,0.6582432230391779,0.6619543706744042,0.6522399177751649,0.6616891385035156,0.009085606971995489,26
2.6979214668273928,0.09836162423636445,0.044178009033203125,0.004675697295053753,0.7,300,3,4,0.05,0.0,0.6,"{'subsample': 0.7, 'n_estimators': 300, 'min_child_weight': 3, 'max_depth': 4, 'learning_rate': 0.05, 'gamma': 0, 'colsample_bytree': 0.6}",0.6326114445579387,0.6133573893149468,0.5998482524112616,0.6158299881596495,0.6045371558610884,0.6132368460609771,0.011287630690536385,69
12.579321193695069,0.2115431743804721,0.261536979675293,0.10628577770772,0.8,800,5,6,0.1,0.0,0.8,"{'subsample': 0.8, 'n_estimators': 800, 'min_child_weight': 5, 'max_depth': 6, 'learning_rate': 0.1, 'gamma': 0, 'colsample_bytree': 0.8}",0.6982081822344853,0.6850190615810821,0.6879250316560107,0.6935570998092385,0.6748883650583419,0.6879195480678317,0.007948113804024737,3
4.15583062171936,0.26384809858883607,0.06422638893127441,0.009975026083157963,0.9,300,5,5,0.03,0.3,0.7,"{'subsample': 0.9, 'n_estimators': 300, 'min_child_weight': 5, 'max_depth': 5, 'learning_rate': 0.03, 'gamma': 0.3, 'colsample_bytree': 0.7}",0.6341620353616526,0.622571660520042,0.604471706613226,0.6249702533943449,0.614088205038686,0.6200527721855902,0.010079120922694841,65
11.6148286819458,0.3102819873101248,0.20181045532226563,0.019239367414475007,0.7,800,3,6,0.1,0.1,0.6,"{'subsample': 0.7, 'n_estimators': 800, 'min_child_weight': 3, 'max_depth': 6, 'learning_rate': 0.1, 'gamma': 0.1, 'colsample_bytree': 0.6}",0.6951104480765469,0.6815045447554594,0.6887415431305993,0.6824374406760871,0.6711439349531333,0.6837875823183653,0.007995573505023166,9
5.444208574295044,0.24640555492826077,0.08712663650512695,0.004984300609231648,0.7,300,3,6,0.05,0.0,0.8,"{'subsample': 0.7, 'n_estimators': 300, 'min_child_weight': 3, 'max_depth': 6, 'learning_rate': 0.05, 'gamma': 0, 'colsample_bytree': 0.8}",0.6809392978962866,0.6503399108199386,0.6574085227257049,0.662628522251815,0.6522235902007972,0.6607079687789085,0.010985106767375886,27
3.7469467639923097,0.1610679962718971,0.054673051834106444,0.007580462424346204,0.7,500,10,3,0.01,0.1,0.6,"{'subsample': 0.7, 'n_estimators': 500, 'min_child_weight': 10, 'max_depth': 3, 'learning_rate': 0.01, 'gamma': 0.1, 'colsample_bytree': 0.6}",0.5550520147913224,0.5585765768424499,0.5391631126007511,0.5229941223778516,0.5417115758529721,0.5434994804930694,0.012674780345029673,100
6.139927387237549,0.19364863481434563,0.10317459106445312,0.007804107392145417,0.8,800,10,3,0.01,0.3,0.8,"{'subsample': 0.8, 'n_estimators': 800, 'min_child_weight': 10, 'max_depth': 3, 'learning_rate': 0.01, 'gamma': 0.3, 'colsample_bytree': 0.8}",0.5665584971054705,0.5739433032108766,0.5547642122811443,0.5508897343629231,0.5550636226584427,0.5602438739237714,0.008624505209375126,97
5.39556131362915,0.09331570999754553,0.09467940330505371,0.0227892470664845,0.8,300,10,6,0.01,0.0,0.6,"{'subsample': 0.8, 'n_estimators': 300, 'min_child_weight': 10, 'max_depth': 6, 'learning_rate': 0.01, 'gamma': 0, 'colsample_bytree': 0.6}",0.6191274072490278,0.6098753064657643,0.5906585218003869,0.6078609629305562,0.5985676627908195,0.605217972247311,0.00978113241935329,77
6.8331677436828615,0.08668011182154253,0.10949201583862304,0.037090440333567704,0.7,500,5,5,0.01,0.1,0.7,"{'subsample': 0.7, 'n_estimators': 500, 'min_child_weight': 5, 'max_depth': 5, 'learning_rate': 0.01, 'gamma': 0.1, 'colsample_bytree': 0.7}",0.6131368334507598,0.6089044214162702,0.5823730512861249,0.605636590213429,0.5929819009266827,0.6006065594586534,0.01132925175627875,78
6.110817527770996,0.1381785589900292,0.11476798057556152,0.008365749914325392,0.8,500,3,5,0.1,0.0,0.7,"{'subsample': 0.8, 'n_estimators': 500, 'min_child_weight': 3, 'max_depth': 5, 'learning_rate': 0.1, 'gamma': 0, 'colsample_bytree': 0.7}",0.6889654995660538,0.6735992617960668,0.6775950171763934,0.6791999856955944,0.6649349505409198,0.6768589429550056,0.00781534536278835,17
4.3239682674407955,0.12805676596577464,0.06463780403137206,0.010336095272079387,0.8,300,3,5,0.03,0.1,0.8,"{'subsample': 0.8, 'n_estimators': 300, 'min_child_weight': 3, 'max_depth': 5, 'learning_rate': 0.03, 'gamma': 0.1, 'colsample_bytree': 0.8}",0.6427808329438052,0.622978941806771,0.6046063792466579,0.6272984696662127,0.6192752123920953,0.6233879672111085,0.012338600984121992,60
11.696170949935913,0.11181414740275959,0.20707221031188966,0.010358416939315631,0.9,800,5,6,0.05,0.0,0.7,"{'subsample': 0.9, 'n_estimators': 800, 'min_child_weight': 5, 'max_depth': 6, 'learning_rate': 0.05, 'gamma': 0, 'colsample_bytree': 0.7}",0.6928371990546375,0.6754920549168141,0.6836593544164192,0.687100989428529,0.6733419578338453,0.682486311130049,0.007243631469915058,11
7.972915363311768,0.07028297634792108,0.12561159133911132,0.008146496058095936,0.7,800,3,4,0.05,0.0,0.8,"{'subsample': 0.7, 'n_estimators': 800, 'min_child_weight': 3, 'max_depth': 4, 'learning_rate': 0.05, 'gamma': 0, 'colsample_bytree': 0.8}",0.6744419976296934,0.6521869676376053,0.6432727867360081,0.6596542148824591,0.64264724833956,0.6544406430450651,0.011799319832816365,36
2.223920202255249,0.044509298996091934,0.04159321784973145,0.005864611482679657,0.7,300,3,3,0.03,0.0,0.7,"{'subsample': 0.7, 'n_estimators': 300, 'min_child_weight': 3, 'max_depth': 3, 'learning_rate': 0.03, 'gamma': 0, 'colsample_bytree': 0.7}",0.5735535939256754,0.5834811036177533,0.5538763187984683,0.5585193279265531,0.5668215463149904,0.5672503781166881,0.010568326041617565,90
5.622605085372925,0.10387163997859776,0.09072670936584473,0.012859008591981731,0.9,800,3,3,0.01,0.0,0.6,"{'subsample': 0.9, 'n_estimators': 800, 'min_child_weight': 3, 'max_depth': 3, 'learning_rate': 0.01, 'gamma': 0, 'colsample_bytree': 0.6}",0.5656257742028954,0.5800380214929381,0.5564899278131337,0.5533246357672756,0.5515885154722064,0.5614133749496898,0.010495881700450127,96
13.63171854019165,0.33147164657007055,0.3269324779510498,0.048930620331022176,0.9,800,5,7,0.1,0.0,0.6,"{'subsample': 0.9, 'n_estimators': 800, 'min_child_weight': 5, 'max_depth': 7, 'learning_rate': 0.1, 'gamma': 0, 'colsample_bytree': 0.6}",0.6974211644582939,0.6784584911353208,0.6931376940960225,0.6909784505934474,0.6763902268831827,0.6872772054332534,0.00833355232325648,4
3.7746384143829346,0.18406999247432834,0.07087187767028809,0.014435583703814288,0.9,500,3,3,0.1,0.1,0.7,"{'subsample': 0.9, 'n_estimators': 500, 'min_child_weight': 3, 'max_depth': 3, 'learning_rate': 0.1, 'gamma': 0.1, 'colsample_bytree': 0.7}",0.6523589064908331,0.6366343624599596,0.6191631381423773,0.6425877729902572,0.6310160871104248,0.6363520534387704,0.011127574641963813,53
5.295844030380249,0.15691093918527918,0.08194684982299805,0.0037380618704594077,0.8,300,10,6,0.03,0.0,0.8,"{'subsample': 0.8, 'n_estimators': 300, 'min_child_weight': 10, 'max_depth': 6, 'learning_rate': 0.03, 'gamma': 0, 'colsample_bytree': 0.8}",0.6562584482043682,0.6451219228558152,0.6261089865804854,0.6454258305844358,0.6335642362006855,0.6412958848851581,0.010449819047331303,49
7.372137546539307,0.22622723509669618,0.09795989990234374,0.005716603346344284,0.7,300,5,7,0.03,0.1,0.8,"{'subsample': 0.7, 'n_estimators': 300, 'min_child_weight': 5, 'max_depth': 7, 'learning_rate': 0.03, 'gamma': 0.1, 'colsample_bytree': 0.8}",0.672055060223333,0.6548217717936415,0.6503714161147942,0.6624266933101725,0.6533954805447766,0.6586140843973436,0.00780708472283198,31
7.885712099075318,0.23593052592788516,0.1613466739654541,0.03484038308282913,0.7,800,5,4,0.1,0.1,0.7,"{'subsample': 0.7, 'n_estimators': 800, 'min_child_weight': 5, 'max_depth': 4, 'learning_rate': 0.1, 'gamma': 0.1, 'colsample_bytree': 0.7}",0.6739092099950393,0.6688579776304782,0.6667166547155039,0.6625975239759583,0.654764581203926,0.6653691895041811,0.006435201660746509,24
5.13627552986145,0.2655968352540824,0.09913859367370606,0.013577434455601063,0.7,500,5,4,0.1,0.3,0.7,"{'subsample': 0.7, 'n_estimators': 500, 'min_child_weight': 5, 'max_depth': 4, 'learning_rate': 0.1, 'gamma': 0.3, 'colsample_bytree': 0.7}",0.6679877057142193,0.6584938472531628,0.6557029294695069,0.6610257778401882,0.6433778817891993,0.6573176284132553,0.008073514738478975,32
2.7154319286346436,0.36943403373981276,0.05458059310913086,0.014667266114296645,0.8,300,3,3,0.05,0.3,0.6,"{'subsample': 0.8, 'n_estimators': 300, 'min_child_weight': 3, 'max_depth': 3, 'learning_rate': 0.05, 'gamma': 0.3, 'colsample_bytree': 0.6}",0.5931788358755699,0.5961438953110298,0.5667780400036847,0.5842905633321221,0.5828569110232209,0.5846496491091255,0.010272312175011579,84
8.06897792816162,0.16027390318766632,0.1255246639251709,0.03092727446501974,0.8,500,3,5,0.03,0.3,0.7,"{'subsample': 0.8, 'n_estimators': 500, 'min_child_weight': 3, 'max_depth': 5, 'learning_rate': 0.03, 'gamma': 0.3, 'colsample_bytree': 0.7}",0.6531980640851862,0.6461096384244789,0.6291941382834249,0.648861261920607,0.6370370390939912,0.6428800283615377,0.008649988532386915,48
8.233036327362061,0.4749255992305509,0.12092370986938476,0.01702766108449289,0.8,800,5,4,0.05,0.1,0.7,"{'subsample': 0.8, 'n_estimators': 800, 'min_child_weight': 5, 'max_depth': 4, 'learning_rate': 0.05, 'gamma': 0.1, 'colsample_bytree': 0.7}",0.6677716150343731,0.6555829182489401,0.6446406517719986,0.6555648745569289,0.6479734687545248,0.6543067056733531,0.007975687800711232,37
1.9863828659057616,0.05895209015882088,0.04211692810058594,0.006730722440524289,0.7,300,10,3,0.1,0.3,0.6,"{'subsample': 0.7, 'n_estimators': 300, 'min_child_weight': 10, 'max_depth': 3, 'learning_rate': 0.1, 'gamma': 0.3, 'colsample_bytree': 0.6}",0.628637848734428,0.607364160487856,0.5886981751443389,0.6107962804925195,0.596816003168469,0.6064624936055223,0.013564415764670396,76
6.086595678329468,0.17878177857075528,0.10304737091064453,0.03622287730937619,0.9,300,10,6,0.01,0.1,0.8,"{'subsample': 0.9, 'n_estimators': 300, 'min_child_weight': 10, 'max_depth': 6, 'learning_rate': 0.01, 'gamma': 0.1, 'colsample_bytree': 0.8}",0.6179031071757183,0.6137874832430019,0.5946447469571098,0.6065999991036333,0.5993804970451924,0.6064631667049311,0.008653043726631957,75
4.991477012634277,0.10078366668287299,0.08018336296081544,0.008438491261106157,0.8,500,5,4,0.1,0.1,0.8,"{'subsample': 0.8, 'n_estimators': 500, 'min_child_weight': 5, 'max_depth': 4, 'learning_rate': 0.1, 'gamma': 0.1, 'colsample_bytree': 0.8}",0.6700871216765445,0.6613069207228714,0.657412527972266,0.660522877560438,0.6465767923383462,0.6591812480540933,0.007579672923207848,30
5.3919168472290036,0.034372125366236544,0.07951483726501465,0.013429599997438424,0.9,300,10,6,0.01,0.3,0.6,"{'subsample': 0.9, 'n_estimators': 300, 'min_child_weight': 10, 'max_depth': 6, 'learning_rate': 0.01, 'gamma': 0.3, 'colsample_bytree': 0.6}",0.6251959602148759,0.6106217204642391,0.5983411602226791,0.6051665318413382,0.5952904106865449,0.6069231566859354,0.010579526420929965,74
2.5960910320281982,0.14367519262871545,0.03774185180664062,0.009390953897419806,0.7,300,10,3,0.03,0.1,0.8,"{'subsample': 0.7, 'n_estimators': 300, 'min_child_weight': 10, 'max_depth': 3, 'learning_rate': 0.03, 'gamma': 0.1, 'colsample_bytree': 0.8}",0.5687596708519899,0.5798189311664447,0.5536823846055423,0.5555745295965012,0.562357707973931,0.5640386448388818,0.009518660040123394,92
3.157273006439209,0.16511940905006725,0.07873477935791015,0.022317801821164465,0.8,300,5,4,0.01,0.1,0.6,"{'subsample': 0.8, 'n_estimators': 300, 'min_child_weight': 5, 'max_depth': 4, 'learning_rate': 0.01, 'gamma': 0.1, 'colsample_bytree': 0.6}",0.5704154133533851,0.5732717375730352,0.5610758522116555,0.5544494851860131,0.5594605486759481,0.5637346074000072,0.0070305059815218085,93
6.734138059616089,0.17162447685922874,0.1061427116394043,0.01950199805103985,0.7,800,10,3,0.05,0.3,0.6,"{'subsample': 0.7, 'n_estimators': 800, 'min_child_weight': 10, 'max_depth': 3, 'learning_rate': 0.05, 'gamma': 0.3, 'colsample_bytree': 0.6}",0.636614617758162,0.6228500464872632,0.6013247455417682,0.6326514288157515,0.6163760379474704,0.621963375310083,0.012544727628020337,64
2.741263818740845,0.1898057733763943,0.04486627578735351,0.009381178637729961,0.7,300,5,3,0.1,0.0,0.6,"{'subsample': 0.7, 'n_estimators': 300, 'min_child_weight': 5, 'max_depth': 3, 'learning_rate': 0.1, 'gamma': 0, 'colsample_bytree': 0.6}",0.6300817217287229,0.6149472453656285,0.5894602190919331,0.6106274794707238,0.5909938728990729,0.6072221077112163,0.01531454572667003,73
3.1767857551574705,0.07682556666772078,0.05317344665527344,0.005054708112381443,0.8,300,10,4,0.05,0.0,0.7,"{'subsample': 0.8, 'n_estimators': 300, 'min_child_weight': 10, 'max_depth': 4, 'learning_rate': 0.05, 'gamma': 0, 'colsample_bytree': 0.7}",0.6304018351436952,0.6139984943927645,0.5984349206032711,0.615462503623322,0.6041366796664921,0.612486886685909,0.010947770004137882,70
6.210812711715699,0.20601114383205668,0.11740365028381347,0.01858160005232175,0.8,500,10,5,0.1,0.3,0.8,"{'subsample': 0.8, 'n_estimators': 500, 'min_child_weight': 10, 'max_depth': 5, 'learning_rate': 0.1, 'gamma': 0.3, 'colsample_bytree': 0.8}",0.680193968755214,0.6736561605824591,0.6718838341155056,0.6744096067107449,0.6582587977960702,0.6716804735919987,0.0072665513585432745,20
6.809376049041748,0.48452761385422,0.17795972824096679,0.0761424845855023,0.9,300,5,7,0.1,0.3,0.8,"{'subsample': 0.9, 'n_estimators': 300, 'min_child_weight': 5, 'max_depth': 7, 'learning_rate': 0.1, 'gamma': 0.3, 'colsample_bytree': 0.8}",0.6935871236471485,0.6837598721900354,0.6920123258418708,0.6909806417012475,0.6711830852586631,0.6863046097277931,0.008277855986278632,5
4.784076166152954,0.21957869166021932,0.09072613716125488,0.018741683241713925,0.9,500,10,3,0.01,0.0,0.6,"{'subsample': 0.9, 'n_estimators': 500, 'min_child_weight': 10, 'max_depth': 3, 'learning_rate': 0.01, 'gamma': 0, 'colsample_bytree': 0.6}",0.5543985529372152,0.5589236784298086,0.5370852881700914,0.5327778535005384,0.5402394119594981,0.5446849569994303,0.0101625989271001,99
4.085326099395752,0.14265890621921776,0.06462702751159669,0.0026261771297734285,0.8,300,3,5,0.03,0.3,0.6,"{'subsample': 0.8, 'n_estimators': 300, 'min_child_weight': 3, 'max_depth': 5, 'learning_rate': 0.03, 'gamma': 0.3, 'colsample_bytree': 0.6}",0.6330259931252902,0.6260707126500256,0.608141911102337,0.6263473053127377,0.6166647993076729,0.6220501442996127,0.008689542121759961,62
2.8514100074768067,0.18246195507208687,0.0458317756652832,0.005202751164877317,0.9,300,5,4,0.1,0.0,0.7,"{'subsample': 0.9, 'n_estimators': 300, 'min_child_weight': 5, 'max_depth': 4, 'learning_rate': 0.1, 'gamma': 0, 'colsample_bytree': 0.7}",0.6548138870255633,0.648641676392723,0.6320845499849999,0.6437084121348529,0.6366954252181353,0.6431887901512549,0.008131602431622253,46
4.867270660400391,0.14509614783693625,0.10960822105407715,0.026390927875987978,0.8,500,5,4,0.03,0.3,0.6,"{'subsample': 0.8, 'n_estimators': 500, 'min_child_weight': 5, 'max_depth': 4, 'learning_rate': 0.03, 'gamma': 0.3, 'colsample_bytree': 0.6}",0.6359384198106172,0.6207132459234526,0.5915028053236134,0.6209563058629265,0.6072982573161031,0.6152818068473426,0.014950412069325366,68
8.548644542694092,0.14322934340702043,0.15480470657348633,0.02206008505711689,0.7,500,3,6,0.1,0.1,0.6,"{'subsample': 0.7, 'n_estimators': 500, 'min_child_weight': 3, 'max_depth': 6, 'learning_rate': 0.1, 'gamma': 0.1, 'colsample_bytree': 0.6}",0.6913218563353299,0.6799084940517255,0.686882365537913,0.6807571241417356,0.667455235595442,0.6812650151324293,0.008068491731660441,13
5.576828241348267,0.4023168053503309,0.1548910617828369,0.09522928272376104,0.7,300,3,6,0.1,0.3,0.6,"{'subsample': 0.7, 'n_estimators': 300, 'min_child_weight': 3, 'max_depth': 6, 'learning_rate': 0.1, 'gamma': 0.3, 'colsample_bytree': 0.6}",0.6850263180615919,0.6720291892319962,0.6756418249203552,0.6754807572489766,0.6578360596558572,0.6732028298237555,0.0088141656687142,18
2.385819911956787,0.10300654892981469,0.06585540771484374,0.031882822810945545,0.9,300,5,3,0.05,0.1,0.7,"{'subsample': 0.9, 'n_estimators': 300, 'min_child_weight': 5, 'max_depth': 3, 'learning_rate': 0.05, 'gamma': 0.1, 'colsample_bytree': 0.7}",0.5945474150540253,0.59054483292106,0.567068477967933,0.5839237341327953,0.5769648182202134,0.5826098556592054,0.009804043383469548,86
10.998571968078613,0.14197589762792195,0.1856858253479004,0.016573679498718786,0.7,500,3,6,0.01,0.1,0.6,"{'subsample': 0.7, 'n_estimators': 500, 'min_child_weight': 3, 'max_depth': 6, 'learning_rate': 0.01, 'gamma': 0.1, 'colsample_bytree': 0.6}",0.6372899617356106,0.6275655927155931,0.6063571783971322,0.6320708552739124,0.619467100997856,0.6245501378240209,0.010814604093974852,59
3.7463491439819334,0.12147189446413108,0.054445648193359376,0.007425233799597873,0.9,300,5,4,0.03,0.0,0.8,"{'subsample': 0.9, 'n_estimators': 300, 'min_child_weight': 5, 'max_depth': 4, 'learning_rate': 0.03, 'gamma': 0, 'colsample_bytree': 0.8}",0.6002485093827189,0.6012324881058517,0.5788335770336941,0.5992042750109068,0.5874630724245649,0.5933963843915473,0.00882459382410203,79
17.007080221176146,0.26150944704502627,0.3370983123779297,0.06413143938955788,0.8,800,3,7,0.1,0.1,0.7,"{'subsample': 0.8, 'n_estimators': 800, 'min_child_weight': 3, 'max_depth': 7, 'learning_rate': 0.1, 'gamma': 0.1, 'colsample_bytree': 0.7}",0.6972413971041187,0.6824911080664409,0.6876603826922935,0.6948373656276405,0.6825004671711963,0.6889461441323379,0.006138161567646822,2
2.8815892696380616,0.09696257774071723,0.04286494255065918,0.0053501658568763264,0.7,300,5,3,0.03,0.0,0.6,"{'subsample': 0.7, 'n_estimators': 300, 'min_child_weight': 5, 'max_depth': 3, 'learning_rate': 0.03, 'gamma': 0, 'colsample_bytree': 0.6}",0.5719981175864137,0.582442779291041,0.5635296082691943,0.5594358280962134,0.5557559214354717,0.5666324509356668,0.009575748202480342,91
10.43643012046814,0.37955906774709247,0.17988171577453613,0.012474988931958284,0.8,800,5,5,0.1,0.1,0.8,"{'subsample': 0.8, 'n_estimators': 800, 'min_child_weight': 5, 'max_depth': 5, 'learning_rate': 0.1, 'gamma': 0.1, 'colsample_bytree': 0.8}",0.6945433774624732,0.67372697284516,0.6840321269967842,0.6929224933995184,0.668195665217359,0.682684127184259,0.010367537870048071,10
4.871877956390381,0.11424722989371963,0.10539050102233886,0.04733408076593905,0.9,300,5,6,0.03,0.0,0.6,"{'subsample': 0.9, 'n_estimators': 300, 'min_child_weight': 5, 'max_depth': 6, 'learning_rate': 0.03, 'gamma': 0, 'colsample_bytree': 0.6}",0.6585557455396535,0.644528807617649,0.6358149497329668,0.6496319628983803,0.6349663550738301,0.644699564172496,0.008832023665832562,43
5.383983993530274,0.4603130489398473,0.12578606605529785,0.03218856572427007,0.7,300,5,6,0.03,0.1,0.6,"{'subsample': 0.7, 'n_estimators': 300, 'min_child_weight': 5, 'max_depth': 6, 'learning_rate': 0.03, 'gamma': 0.1, 'colsample_bytree': 0.6}",0.6585134071074918,0.6424251845771416,0.6330904645635399,0.6455271065327703,0.6379751308657419,0.6435062587293371,0.0085970831467287,45
8.973094701766968,0.07060907227941934,0.1465658187866211,0.028865305198238114,0.7,500,10,6,0.03,0.3,0.8,"{'subsample': 0.7, 'n_estimators': 500, 'min_child_weight': 10, 'max_depth': 6, 'learning_rate': 0.03, 'gamma': 0.3, 'colsample_bytree': 0.8}",0.670180634205049,0.65811046375568,0.6490008814965925,0.656557135509941,0.6473324197249465,0.6562363069384418,0.008120224707498456,34
3.2306992053985595,0.36232024530835377,0.052478885650634764,0.01067496341575867,0.7,300,10,4,0.05,0.1,0.8,"{'subsample': 0.7, 'n_estimators': 300, 'min_child_weight': 10, 'max_depth': 4, 'learning_rate': 0.05, 'gamma': 0.1, 'colsample_bytree': 0.8}",0.6274505477776127,0.6176570000690094,0.5944879567117513,0.6203639184052725,0.6009240237918959,0.6121766893511084,0.01240861814189743,71
4.436729764938354,0.052674514190136724,0.09559578895568847,0.02520630799596732,0.7,500,10,4,0.05,0.1,0.7,"{'subsample': 0.7, 'n_estimators': 500, 'min_child_weight': 10, 'max_depth': 4, 'learning_rate': 0.05, 'gamma': 0.1, 'colsample_bytree': 0.7}",0.6422694387146669,0.6384455350228978,0.6177655678568883,0.6408498889558342,0.6182911062992645,0.6315243073699104,0.011088266188359704,55
7.334332418441773,0.15801195565891166,0.12758073806762696,0.022396054818016913,0.7,800,10,4,0.05,0.3,0.8,"{'subsample': 0.7, 'n_estimators': 800, 'min_child_weight': 10, 'max_depth': 4, 'learning_rate': 0.05, 'gamma': 0.3, 'colsample_bytree': 0.8}",0.666868052269184,0.6530521488824499,0.6483399380352788,0.6606147027547041,0.6354737159272991,0.6528697115737832,0.010762074398844123,39
6.085224437713623,0.09911471487622028,0.13067355155944824,0.010353390813815177,0.9,500,10,6,0.1,0.1,0.6,"{'subsample': 0.9, 'n_estimators': 500, 'min_child_weight': 10, 'max_depth': 6, 'learning_rate': 0.1, 'gamma': 0.1, 'colsample_bytree': 0.6}",0.6891700905405524,0.6788206807831177,0.6830336673797184,0.6855290862359069,0.6681445836904613,0.6809396217259513,0.00723037672110075,14
12.684203338623046,0.15047218218958536,0.19105682373046876,0.005450838847597727,0.7,500,5,7,0.01,0.1,0.7,"{'subsample': 0.7, 'n_estimators': 500, 'min_child_weight': 5, 'max_depth': 7, 'learning_rate': 0.01, 'gamma': 0.1, 'colsample_bytree': 0.7}",0.6579003649018638,0.6438819917914498,0.6313490641830812,0.6487815181995331,0.6365789386557431,0.6436983755463342,0.009281814785897138,44
3.844953775405884,0.13197381394235494,0.07046117782592773,0.012701854656239582,0.7,500,10,3,0.03,0.1,0.7,"{'subsample': 0.7, 'n_estimators': 500, 'min_child_weight': 10, 'max_depth': 3, 'learning_rate': 0.03, 'gamma': 0.1, 'colsample_bytree': 0.7}",0.5926087970713441,0.5903361655215733,0.5743232397871724,0.5773905577666845,0.5810874997684278,0.5831492519830404,0.007161656121897507,85
7.946924352645874,0.13007479941861497,0.16577086448669434,0.027223021430745665,0.7,500,10,6,0.03,0.3,0.7,"{'subsample': 0.7, 'n_estimators': 500, 'min_child_weight': 10, 'max_depth': 6, 'learning_rate': 0.03, 'gamma': 0.3, 'colsample_bytree': 0.7}",0.6665000200417965,0.6607527793962222,0.649463494297738,0.6564020208341314,0.6488008945541929,0.6563838418248162,0.006735240261512901,33
7.011181163787842,0.23627538244874816,0.11082291603088379,0.03263355989307681,0.8,300,5,7,0.03,0.1,0.7,"{'subsample': 0.8, 'n_estimators': 300, 'min_child_weight': 5, 'max_depth': 7, 'learning_rate': 0.03, 'gamma': 0.1, 'colsample_bytree': 0.7}",0.6731364209178373,0.6609861846467848,0.6566860613706662,0.6623254369925632,0.649900001206331,0.6606068210268365,0.0076170437568991506,28
5.594465255737305,0.1180946297829562,0.10975050926208496,0.005338866575397359,0.9,800,10,3,0.05,0.0,0.6,"{'subsample': 0.9, 'n_estimators': 800, 'min_child_weight': 10, 'max_depth': 3, 'learning_rate': 0.05, 'gamma': 0, 'colsample_bytree': 0.6}",0.6374866449371236,0.6241871995847612,0.6077322466535686,0.6270612160517528,0.6136646016670242,0.6220263817788461,0.010423819763285817,63
6.423498439788818,0.14570292415290753,0.10562033653259277,0.013188783000981943,0.8,800,3,3,0.01,0.0,0.7,"{'subsample': 0.8, 'n_estimators': 800, 'min_child_weight': 3, 'max_depth': 3, 'learning_rate': 0.01, 'gamma': 0, 'colsample_bytree': 0.7}",0.5691051235450851,0.5764355337342105,0.5556926149592158,0.5528280178822517,0.5566245530279509,0.5621371686297427,0.009072784917409213,95
7.826460123062134,0.08902026631497426,0.13331317901611328,0.006261925076705687,0.8,500,10,6,0.03,0.1,0.7,"{'subsample': 0.8, 'n_estimators': 500, 'min_child_weight': 10, 'max_depth': 6, 'learning_rate': 0.03, 'gamma': 0.1, 'colsample_bytree': 0.7}",0.6659785380864333,0.6520747166092009,0.6514755895084516,0.6615931509399502,0.6454960248921187,0.6553236040072309,0.007413213003083096,35
7.934830093383789,0.09728293009709307,0.13508644104003906,0.008715365515211904,0.9,500,5,6,0.03,0.0,0.6,"{'subsample': 0.9, 'n_estimators': 500, 'min_child_weight': 5, 'max_depth': 6, 'learning_rate': 0.03, 'gamma': 0, 'colsample_bytree': 0.6}",0.6781773802383025,0.6605891237981756,0.6571147281851795,0.6598695403059418,0.6550896703113743,0.6621680885677947,0.008242746263431473,25
3.3460548400878904,0.0977245196571596,0.056099224090576175,0.007766826440483437,0.9,300,5,4,0.03,0.1,0.8,"{'subsample': 0.9, 'n_estimators': 300, 'min_child_weight': 5, 'max_depth': 4, 'learning_rate': 0.03, 'gamma': 0.1, 'colsample_bytree': 0.8}",0.5984914574195581,0.6011144746234995,0.5792058704120939,0.5948315485626136,0.587715088234409,0.5922716878504348,0.00793613865384743,81
5.241837835311889,0.061933101974914445,0.08045978546142578,0.008885291141699557,0.8,500,10,4,0.01,0.3,0.6,"{'subsample': 0.8, 'n_estimators': 500, 'min_child_weight': 10, 'max_depth': 4, 'learning_rate': 0.01, 'gamma': 0.3, 'colsample_bytree': 0.6}",0.584312542335758,0.5870152920225197,0.5738077466973255,0.574815896658772,0.5745450846106483,0.5788993124650047,0.0055987464424184065,87
2.5925474643707274,0.07695153024954525,0.04885544776916504,0.01089882807055379,0.7,300,3,3,0.03,0.3,0.7,"{'subsample': 0.7, 'n_estimators': 300, 'min_child_weight': 3, 'max_depth': 3, 'learning_rate': 0.03, 'gamma': 0.3, 'colsample_bytree': 0.7}",0.5711521240634183,0.5799991126964837,0.5547772574784344,0.5611949501793823,0.5693782352597061,0.5673003359354849,0.008654664613744829,89
7.133647108078003,0.14750882275676158,0.1371610164642334,0.02852838631008728,0.7,500,10,5,0.1,0.0,0.7,"{'subsample': 0.7, 'n_estimators': 500, 'min_child_weight': 10, 'max_depth': 5, 'learning_rate': 0.1, 'gamma': 0, 'colsample_bytree': 0.7}",0.6782404607874903,0.6672897021633469,0.6671035368750062,0.6732321289228919,0.6556017519426087,0.6682935161382689,0.007574116128402069,22
6.82166895866394,0.27372601877536507,0.12891192436218263,0.03084043027575876,0.8,500,3,4,0.03,0.3,0.8,"{'subsample': 0.8, 'n_estimators': 500, 'min_child_weight': 3, 'max_depth': 4, 'learning_rate': 0.03, 'gamma': 0.3, 'colsample_bytree': 0.8}",0.6331310061864783,0.619367778230591,0.6014705396907898,0.62248614418419,0.6066986988475815,0.6166308334279261,0.011335899042296153,66
3.4101565361022947,0.23376808503190305,0.05305662155151367,0.02018758119018922,0.9,300,3,3,0.03,0.3,0.8,"{'subsample': 0.9, 'n_estimators': 300, 'min_child_weight': 3, 'max_depth': 3, 'learning_rate': 0.03, 'gamma': 0.3, 'colsample_bytree': 0.8}",0.5641362906725919,0.5806362850080672,0.5506430361883644,0.5609885781443475,0.557434195350048,0.5627676770726838,0.009997783650294759,94
6.665766954421997,0.2623533112779015,0.11912755966186524,0.008556146985883724,0.9,800,5,3,0.05,0.0,0.6,"{'subsample': 0.9, 'n_estimators': 800, 'min_child_weight': 5, 'max_depth': 3, 'learning_rate': 0.05, 'gamma': 0, 'colsample_bytree': 0.6}",0.6394521134376401,0.63074010781465,0.6079694034757555,0.6236836871855727,0.6211895026151504,0.6246069629057537,0.010462636545994861,58
9.532374858856201,0.3101336250935639,0.16559286117553712,0.02551042108735428,0.7,800,3,4,0.01,0.0,0.6,"{'subsample': 0.7, 'n_estimators': 800, 'min_child_weight': 3, 'max_depth': 4, 'learning_rate': 0.01, 'gamma': 0, 'colsample_bytree': 0.6}",0.5994948208679869,0.6020732593489061,0.5829284485747983,0.5885583695537148,0.5842893045354709,0.5914688405761754,0.007871784194469935,82
9.816165828704834,0.13136427435654283,0.28170108795166016,0.09756684974584394,0.7,500,3,6,0.1,0.1,0.7,"{'subsample': 0.7, 'n_estimators': 500, 'min_child_weight': 3, 'max_depth': 6, 'learning_rate': 0.1, 'gamma': 0.1, 'colsample_bytree': 0.7}",0.6940507988065973,0.682393560032018,0.6878316271321684,0.6851617817749565,0.662651841036872,0.6824179217565225,0.010609989092045032,12
11.230935382843018,0.24574661669783723,0.19492082595825194,0.05653663386188421,0.8,800,3,4,0.01,0.0,0.7,"{'subsample': 0.8, 'n_estimators': 800, 'min_child_weight': 3, 'max_depth': 4, 'learning_rate': 0.01, 'gamma': 0, 'colsample_bytree': 0.7}",0.604483645514922,0.6031111761900574,0.5812325638517442,0.585543839022167,0.5896442928586505,0.5928031034875082,0.009372767121024134,80
6.521751356124878,0.32074271752838707,0.11482348442077636,0.02938764297644779,0.9,500,5,4,0.05,0.3,0.7,"{'subsample': 0.9, 'n_estimators': 500, 'min_child_weight': 5, 'max_depth': 4, 'learning_rate': 0.05, 'gamma': 0.3, 'colsample_bytree': 0.7}",0.6571471325910241,0.6446773644244843,0.6250134483744293,0.6426450749502669,0.6299512562408365,0.6398868553162081,0.011387785453827215,51
12.945568466186524,0.2083943059120156,0.1976679801940918,0.006285939081966087,0.7,800,3,5,0.05,0.1,0.8,"{'subsample': 0.7, 'n_estimators': 800, 'min_child_weight': 3, 'max_depth': 5, 'learning_rate': 0.05, 'gamma': 0.1, 'colsample_bytree': 0.8}",0.6829555995289351,0.6739680623896533,0.670173630678605,0.6736938537162399,0.660396798302298,0.6722375889231463,0.007272623227882348,19
18.90574378967285,0.3950632334975683,0.29000000953674315,0.026871191704278485,0.7,800,3,7,0.1,0.0,0.8,"{'subsample': 0.7, 'n_estimators': 800, 'min_child_weight': 3, 'max_depth': 7, 'learning_rate': 0.1, 'gamma': 0, 'colsample_bytree': 0.8}",0.6866197537960443,0.6841608683944573,0.6912605911320078,0.6856918443168338,0.6731735867976715,0.684181328887403,0.005991900055430436,8
10.98343276977539,0.21487907482815224,0.22036404609680177,0.012631564864332482,0.9,800,5,6,0.1,0.3,0.6,"{'subsample': 0.9, 'n_estimators': 800, 'min_child_weight': 5, 'max_depth': 6, 'learning_rate': 0.1, 'gamma': 0.3, 'colsample_bytree': 0.6}",0.6972136079875677,0.6777702592663704,0.6908054766912778,0.6852518431390032,0.6725100191860831,0.6847102412540604,0.008840680695589947,7
4.21184196472168,0.14961881163590657,0.07058424949645996,0.0048053113626741134,0.9,300,10,5,0.03,0.1,0.7,"{'subsample': 0.9, 'n_estimators': 300, 'min_child_weight': 10, 'max_depth': 5, 'learning_rate': 0.03, 'gamma': 0.1, 'colsample_bytree': 0.7}",0.6343792948652501,0.6148322191650099,0.6000517341489774,0.6192480842898809,0.611757235919171,0.6160537136776579,0.011153887647642687,67
7.062812185287475,0.08785943135654076,0.1259459972381592,0.0354019713239648,0.7,800,5,3,0.1,0.1,0.7,"{'subsample': 0.7, 'n_estimators': 800, 'min_child_weight': 5, 'max_depth': 3, 'learning_rate': 0.1, 'gamma': 0.1, 'colsample_bytree': 0.7}",0.6581792814559018,0.6444214082374711,0.6308844701216798,0.6445865775391112,0.6366832418396693,0.6429509958387667,0.009182850385714982,47
8.076867008209229,0.23777291894376348,0.14037866592407228,0.00924080410663219,0.9,800,10,4,0.05,0.1,0.7,"{'subsample': 0.9, 'n_estimators': 800, 'min_child_weight': 10, 'max_depth': 4, 'learning_rate': 0.05, 'gamma': 0.1, 'colsample_bytree': 0.7}",0.6636038491750553,0.6515071735248363,0.6467827538477439,0.6501690164573188,0.6474777381096999,0.6519081062229308,0.006097097375505753,40
4.909785747528076,0.11717038414720606,0.07028784751892089,0.025134154111695183,0.8,300,5,5,0.01,0.0,0.7,"{'subsample': 0.8, 'n_estimators': 300, 'min_child_weight': 5, 'max_depth': 5, 'learning_rate': 0.01, 'gamma': 0, 'colsample_bytree': 0.7}",0.5958810215748083,0.5978641814213165,0.5790250443284504,0.5822494042721797,0.5813486535391206,0.5872736610271752,0.007932645522545117,83
2.674999952316284,0.4022495760236189,0.03765702247619629,0.008826970476432244,0.8,300,3,4,0.1,0.3,0.6,"{'subsample': 0.8, 'n_estimators': 300, 'min_child_weight': 3, 'max_depth': 4, 'learning_rate': 0.1, 'gamma': 0.3, 'colsample_bytree': 0.6}",0.658104670492936,0.6390871414724626,0.6271391679860061,0.6475893344646817,0.6280445057197375,0.6399929640271648,0.01178596621426416,50
