cluster_id,centroid_lat,centroid_lon,predicted_label,predicted_class,TSA_DHW_max,n_historical_records
0,-19.166714,146.84863,Healthy (0-5%),0,1.4357142,209
84,-21.106472,152.2254,Healthy (0-5%),0,0.34,11
98,-12.2257,143.2841,Healthy (0-5%),0,1.34,2
97,-12.67815,143.5829,Healthy (0-5%),0,2.92,2
96,-16.409634,145.74434,Healthy (0-5%),0,5.17,3
95,-19.449833,148.86703,Healthy (0-5%),0,0.15,3
94,-24.112192,152.71562,Healthy (0-5%),0,0.14,14
93,-14.88175,145.50227,Healthy (0-5%),0,4.39,6
92,-17.5251,146.52454,Healthy (0-5%),0,2.56,3
91,-18.82149,147.65489,Healthy (0-5%),0,0.0,18
90,-19.20995,148.542,Healthy (0-5%),0,0.31,2
89,-19.3041,148.6315,Healthy (0-5%),0,0.3,4
88,-19.501034,148.7524,Healthy (0-5%),0,0.0,3
87,-19.68672,149.93729,Healthy (0-5%),0,0.74,5
86,-20.928566,150.04893,Healthy (0-5%),0,0.15,3
85,-20.96795,149.75764,Healthy (0-5%),0,0.0,2
83,-21.121021,152.48535,Healthy (0-5%),0,0.33,9
67,-17.467283,146.3924,Healthy (0-5%),0,2.99,6
82,-21.3925,152.50706,Healthy (0-5%),0,0.0,5
81,-18.52425,147.1444,Healthy (0-5%),0,0.77,2
80,-18.402128,146.79951,Healthy (0-5%),0,1.54,11
79,-22.0,152.67,Healthy (0-5%),0,0.0,2
78,-18.441046,146.99043,Healthy (0-5%),0,2.07,15
77,-18.665953,147.07942,Healthy (0-5%),0,0.76,15
76,-19.54529,149.26216,Healthy (0-5%),0,0.0,28
75,-18.4208,147.34987,Healthy (0-5%),0,1.5,3
74,-10.14675,151.16306,Healthy (0-5%),0,0.0,2
73,-11.8956,143.1068,Healthy (0-5%),0,0.98,2
72,-15.156473,145.46036,Healthy (0-5%),0,3.04,11
71,-15.9993,145.4327,Healthy (0-5%),0,3.5,3
70,-16.379562,145.56004,Healthy (0-5%),0,5.1,47
69,-16.545633,145.52946,Healthy (0-5%),0,5.09,3
99,-11.782,142.95316,Healthy (0-5%),0,1.32,5
100,-11.7694,143.09245,Healthy (0-5%),0,1.01,2
101,-11.482866,143.01598,Healthy (0-5%),0,1.59,9
102,-11.191144,142.98755,Healthy (0-5%),0,2.392857,9
131,-16.0,145.9667,Healthy (0-5%),0,5.39,2
130,-15.51399,145.77756,Healthy (0-5%),0,4.42,20
129,-16.22582,146.00262,Healthy (0-5%),0,4.42,10
128,-13.844505,146.55128,Healthy (0-5%),0,6.23,41
127,-18.9561,146.9562,Healthy (0-5%),0,0.0,15
126,-10.69155,142.73485,Healthy (0-5%),0,2.94,2
125,-12.30835,143.37485,Healthy (0-5%),0,1.88,2
124,-12.470825,143.48958,Healthy (0-5%),0,2.1,4
123,-18.65635,147.71594,Healthy (0-5%),0,0.16,2
122,-20.751085,149.4548,Healthy (0-5%),0,0.0,7
121,-11.0088,142.98685,Healthy (0-5%),0,3.0757143,2
120,-11.997334,143.27243,Healthy (0-5%),0,0.98,6
119,-12.767325,143.42282,Healthy (0-5%),0,3.62,4
118,-15.02785,145.56805,Healthy (0-5%),0,4.01,2
117,-14.925742,145.68793,Healthy (0-5%),0,5.18,38
116,-15.359506,145.7791,Healthy (0-5%),0,4.22,18
115,-18.1362,146.9716,Healthy (0-5%),0,3.15,2
114,-18.53455,147.49355,Healthy (0-5%),0,0.61,4
113,-18.791527,147.52235,Healthy (0-5%),0,0.14,34
112,-19.6179,149.67664,Healthy (0-5%),0,0.15,3
111,-20.08315,149.93718,Healthy (0-5%),0,0.0,4
110,-20.66895,150.2588,Healthy (0-5%),0,0.17,2
109,-21.13605,150.77615,Healthy (0-5%),0,0.18,2
108,-21.87,152.19,Healthy (0-5%),0,0.15,2
107,-14.0,146.0,Healthy (0-5%),0,5.01,2
106,-18.26362,147.38202,Healthy (0-5%),0,2.65,5
105,-23.32,151.98,Healthy (0-5%),0,0.61,2
104,-14.704066,145.44646,Healthy (0-5%),0,5.12,9
103,-14.610958,145.62405,Healthy (0-5%),0,4.64,19
68,-17.20583,146.07251,Healthy (0-5%),0,3.81,10
66,-17.721071,146.1557,Healthy (0-5%),0,2.6,7
1,-18.646925,146.54514,Healthy (0-5%),0,0.6,149
17,-19.86675,147.92262,Healthy (0-5%),0,0.66,4
31,-18.9913,148.06412,Healthy (0-5%),0,0.0,6
30,-19.11165,148.33365,Healthy (0-5%),0,0.3,6
29,-19.2076,148.8596,Healthy (0-5%),0,0.47,2
28,-19.311234,148.34396,Healthy (0-5%),0,0.0,3
27,-19.32325,148.4333,Healthy (0-5%),0,0.0,2
26,-19.34095,148.0835,Healthy (0-5%),0,0.0,2
25,-19.7155,147.77403,Healthy (0-5%),0,0.15,7
24,-20.758585,150.43915,Healthy (0-5%),0,0.17,7
23,-20.911617,149.42245,Healthy (0-5%),0,0.15,11
22,-21.991533,152.46994,Healthy (0-5%),0,0.0,3
21,-23.326,150.92995,Healthy (0-5%),0,2.2371428,2
20,-23.408117,151.1666,Healthy (0-5%),0,1.2371428,6
19,-23.520433,151.2612,Healthy (0-5%),0,0.93,3
18,-23.992844,151.69751,Healthy (0-5%),0,0.51,7
16,-20.022484,148.28569,Healthy (0-5%),0,0.48,12
65,-18.008833,146.16989,Healthy (0-5%),0,0.99,9
15,-20.090439,148.5869,Healthy (0-5%),0,0.16,23
14,-20.251957,148.81541,Healthy (0-5%),0,0.0,23
13,-20.3759,150.17145,Healthy (0-5%),0,0.0,8
12,-20.237434,148.9795,Healthy (0-5%),0,0.0,103
11,-17.239176,146.34703,Healthy (0-5%),0,2.92,8
10,-17.885866,146.59,Healthy (0-5%),0,1.48,3
9,-18.739391,147.2709,Healthy (0-5%),0,0.15,12
8,-19.020872,146.6052,Healthy (0-5%),0,0.17,11
7,-18.227266,146.74213,Healthy (0-5%),0,1.7,3
6,-19.760475,149.15018,Healthy (0-5%),0,0.0,69
5,-23.146168,150.95728,Healthy (0-5%),0,1.7,60
4,-18.75,146.25,Healthy (0-5%),0,2.13,2
3,-23.443886,151.92134,Healthy (0-5%),0,0.47,187
2,-10.2196665,150.84866,Healthy (0-5%),0,10.547143,3
32,-18.847086,147.91052,Healthy (0-5%),0,0.16,7
33,-18.1497,146.28976,Healthy (0-5%),0,1.27,3
34,-17.6551,146.49199,Healthy (0-5%),0,2.03,6
35,-17.34235,146.52235,Healthy (0-5%),0,3.16,4
64,-18.0518,146.78749,Healthy (0-5%),0,1.66,12
63,-19.2064,147.0493,Healthy (0-5%),0,0.76,3
62,-23.5347,151.73087,Healthy (0-5%),0,0.17,3
61,-23.767967,151.33594,Healthy (0-5%),0,1.86,3
60,-23.958666,151.47777,Healthy (0-5%),0,1.4828571,3
59,-18.062532,146.56087,Healthy (0-5%),0,1.44,3
58,-21.455212,149.86604,Healthy (0-5%),0,0.15,8
57,-21.6832,150.28384,Healthy (0-5%),0,0.0,4
56,-21.95394,150.1631,Healthy (0-5%),0,0.0,5
55,-22.018534,150.34753,Healthy (0-5%),0,0.0,3
54,-22.024067,150.66617,Healthy (0-5%),0,0.3,3
53,-22.2081,150.33665,Healthy (0-5%),0,0.0,2
52,-15.71492,145.45647,Healthy (0-5%),0,3.08,5
51,-16.284166,145.4936,Healthy (0-5%),0,5.32,3
50,-17.776623,146.45274,Healthy (0-5%),0,1.67,9
49,-23.6966,152.1829,Healthy (0-5%),0,0.14,2
48,-13.922125,143.78668,Healthy (0-5%),0,2.85,4
47,-14.07125,143.8833,Healthy (0-5%),0,2.72,2
46,-14.13435,144.5049,Healthy (0-5%),0,5.562857,2
45,-14.1632,144.26332,Healthy (0-5%),0,3.7585714,5
44,-14.4546,144.90607,Healthy (0-5%),0,5.52,7
43,-14.728744,145.10814,Healthy (0-5%),0,5.68,16
42,-14.85125,145.27235,Healthy (0-5%),0,4.48,2
41,-15.499777,145.51018,Healthy (0-5%),0,3.49,13
40,-15.77885,145.58086,Healthy (0-5%),0,3.72,2
39,-16.12418,145.83456,Healthy (0-5%),0,4.59,243
38,-16.52347,145.99037,Healthy (0-5%),0,4.85,108
37,-16.935507,145.98845,Healthy (0-5%),0,4.92,13
36,-16.871353,146.21158,Healthy (0-5%),0,4.22,88
132,-17.0,149.1,Healthy (0-5%),0,0.61,4
